Registeration Number,Project Name,Type of Project,District
PR/GJ/AHMEDABAD/AHMADABAD CITY/Others/MAA00001/120717,Saujanya Apartments,Mixed Development,Ahmedabad
PR/GJ/AHMEDABAD/AHMADABAD CITY/AUDA/CAA00002/210817,ONE42,Commercial,Ahmedabad
PR/GJ/AHMEDABAD/AHMADABAD CITY/AUDA/CAA00003/210817,Sumel-8,Commercial,Ahmedabad
PR/GJ/AHMEDABAD/DASKROI/AUDA/MAA00004/210817,Marigold,Mixed Development,Ahmedabad
PR/GJ/AHMEDABAD/AHMADABAD CITY/AUDA/CAA00005/230817,Santorini Square,Commercial,Ahmedabad
PR/GJ/AHMEDABAD/AHMADABAD CITY/AUDA/RAA00006/230817,ONE49,Residential/Group Housing,Ahmedabad
PR/GJ/AHMEDABAD/SANAND/AUDA/RAA00007/230817,78@Gokuldham,Residential/Group Housing,Ahmedabad
PR/GJ/AHMEDABAD/AHMADABAD CITY/AUDA/CAA00008/230817,Maple Trade Centre,Commercial,Ahmedabad
PR/GJ/AHMEDABAD/AHMADABAD CITY/AUDA/RAA00009/230817,Eminence - 24,Residential/Group Housing,Ahmedabad
PR/GJ/AHMEDABAD/AHMADABAD CITY/AUDA/CAA00010/230817,TITANIUM HEIGHTS,Commercial,Ahmedabad
PR/GJ/AHMEDABAD/AHMADABAD CITY/AUDA/RAA00011/240817,Vertis,Residential/Group Housing,Ahmedabad
PR/GJ/AHMEDABAD/AHMADABAD CITY/AUDA/MAA00012/240817,MAPLE TREE,Mixed Development,Ahmedabad
PR/GJ/AHMEDABAD/AHMADABAD CITY/AUDA/RAA00013/240817,RIVIERA ONE,Residential/Group Housing,Ahmedabad
PR/GJ/AHMEDABAD/AHMADABAD CITY/AUDA/RAA00014/240817,ORCHID PRIDE,Residential/Group Housing,Ahmedabad
PR/GJ/AHMEDABAD/AHMADABAD CITY/AUDA/RAA00015/280817,Casa Vyoma,Residential/Group Housing,Ahmedabad
PR/GJ/AHMEDABAD/AHMADABAD CITY/AUDA/RAA00016/280817,THE BUNGALOWS,Residential/Group Housing,Ahmedabad
PR/GJ/AHMEDABAD/AHMADABAD CITY/AUDA/RAA00017/280817,SIVANTA APARTMENTS,Residential/Group Housing,Ahmedabad
PR/GJ/AHMEDABAD/AHMADABAD CITY/AUDA/RAA00018/280817,SAMAYAKA APARTMENTS,Residential/Group Housing,Ahmedabad
PR/GJ/AHMEDABAD/AHMADABAD CITY/AUDA/RAA00019/280817,Shaunak Apartments ,Residential/Group Housing,Ahmedabad
PR/GJ/AHMEDABAD/DASKROI/AUDA/RAA00020/280817,ORCHID DIVINE,Residential/Group Housing,Ahmedabad
PR/GJ/AHMEDABAD/AHMADABAD CITY/AUDA/RAA00021/280817,BHAGIRATH SERENITY - PHASE - 1,Residential/Group Housing,Ahmedabad
PR/GJ/AHMEDABAD/AHMADABAD CITY/AUDA/RAA00022/290817,CASA VYOMA ,Residential/Group Housing,Ahmedabad
PR/GJ/GANDHINAGAR/KALOL/AUDA/MAA00023/290817,SUPER CITY PHASE 1,Mixed Development,Gandhinagar
PR/GJ/AHMEDABAD/DASKROI/AUDA/MAA00024/290817,SUN SOUTHPARK,Mixed Development,Ahmedabad
PR/GJ/AHMEDABAD/AHMADABAD CITY/AUDA/CAA00025/290817,SUN AVENUE ONE,Commercial,Ahmedabad
PR/GJ/AHMEDABAD/AHMADABAD CITY/AUDA/RAA00026/290817,SUN ASPIRE,Residential/Group Housing,Ahmedabad
PR/GJ/AHMEDABAD/AHMADABAD CITY/AUDA/CAA00027/290817,SAKAR-IX,Commercial,Ahmedabad
PR/GJ/AHMEDABAD/AHMADABAD CITY/AUDA/MAA00028/290817,SUN DIVINE 5,Mixed Development,Ahmedabad
PR/GJ/AHMEDABAD/AHMADABAD CITY/AUDA/RAA00029/310817,SHEETAL AQUA,Residential/Group Housing,Ahmedabad
PR/GJ/AHMEDABAD/AHMADABAD CITY/AUDA/RAA00030/310817,ALLIED RESIDENCY,Residential/Group Housing,Ahmedabad
PR/GJ/AHMEDABAD/AHMADABAD CITY/AUDA/MAA00031/310817,YASH PINNACLE,Mixed Development,Ahmedabad
PR/GJ/AHMEDABAD/AHMADABAD CITY/AUDA/RAA00032/310817,SAMPAD ALLURE,Residential/Group Housing,Ahmedabad
PR/GJ/AHMEDABAD/AHMADABAD CITY/AUDA/RAA00033/310817,SUN EVOQ,Residential/Group Housing,Ahmedabad
PR/GJ/AHMEDABAD/AHMADABAD CITY/AUDA/MAA00034/310817,Sarovar Enclave,Mixed Development,Ahmedabad
PR/GJ/AHMEDABAD/AHMADABAD CITY/AUDA/RAA00035/310817,SHIVALAY HEIGHTS,Residential/Group Housing,Ahmedabad
PR/GJ/AHMEDABAD/DASKROI/AUDA/RAA00036/310817,ORCHIED PARADISE -G H,Residential/Group Housing,Ahmedabad
PR/GJ/AHMEDABAD/AHMADABAD CITY/AUDA/CAA00037/310817,SANKALP ICONIC TOWER,Commercial,Ahmedabad
PR/GJ/AHMEDABAD/DASKROI/AUDA/MAA00038/310817,MARUTI HEIGHTS,Mixed Development,Ahmedabad
PR/GJ/AHMEDABAD/DASKROI/AUDA/MAA00039/310817,Sun Skypark (residential project) & Sun central park (commercial project),Mixed Development,Ahmedabad
PR/GJ/SURAT/SURAT CITY/SUDA/RAA00040/010917,THE BLUEBELL,Residential/Group Housing,Surat
PR/GJ/SURAT/SURAT CITY/SUDA/CAA00041/010917,ATLANTIS SQUARE,Commercial,Surat
PR/GJ/SURAT/SURAT CITY/SUDA/CAA00042/010917,INTERNATIONAL FASHION MARKET,Commercial,Surat
PR/GJ/AHMEDABAD/AHMADABAD CITY/AUDA/MAA00043/010917,Aashray Arise,Mixed Development,Ahmedabad
PR/GJ/AHMEDABAD/DASKROI/AUDA/MAA00044/010917,KAVERI SANGAM,Mixed Development,Ahmedabad
PR/GJ/AHMEDABAD/AHMADABAD CITY/AUDA/CAA00045/010917,THE FIRST,Commercial,Ahmedabad
PR/GJ/AHMEDABAD/AHMADABAD CITY/AUDA/RAA00046/010917,KALASH 5,Residential/Group Housing,Ahmedabad
PR/GJ/AHMEDABAD/AHMADABAD CITY/AUDA/CAA00047/010917,Merlin Pentagon,Commercial,Ahmedabad
PR/GJ/AHMEDABAD/AHMADABAD CITY/AUDA/MAA00048/010917,ZAINAB AVENUE,Mixed Development,Ahmedabad
PR/GJ/AHMEDABAD/AHMADABAD CITY/AUDA/CAA00049/010917,NORTH VIEW,Commercial,Ahmedabad
PR/GJ/AHMEDABAD/AHMADABAD CITY/AUDA/RAA00050/010917,ASHWAMEGH ELYSIUM,Residential/Group Housing,Ahmedabad
PR/GJ/AHMEDABAD/DASKROI/AUDA/MAA00051/010917,ganesh icon,Mixed Development,Ahmedabad
PR/GJ/KHEDA/MEHMEDABAD/AUDA/RAA00052/010917,SATYAM BUNGLOWS,Residential/Group Housing,Kheda
PR/GJ/AHMEDABAD/AHMADABAD CITY/AUDA/MAA00053/010917,DIVYA HOMES,Mixed Development,Ahmedabad
PR/GJ/GANDHINAGAR/GANDHINAGAR/AUDA/MAA00054/010917,SAVYA SKYZ,Mixed Development,Gandhinagar
PR/GJ/VADODARA/VADODARA/Others/MAA00055/010917,SARVA SQUARE,Mixed Development,Vadodara
PR/GJ/VADODARA/VADODARA/Others/RAA00056/010917,SARVA RESIDENCY-1,Residential/Group Housing,Vadodara
PR/GJ/AHMEDABAD/AHMADABAD CITY/AUDA/RAA00057/010917,Carmel G and I ,Residential/Group Housing,Ahmedabad
PR/GJ/AHMEDABAD/AHMADABAD CITY/AUDA/RAA00058/020917,Takshashila Air,Residential/Group Housing,Ahmedabad
PR/GJ/GANDHINAGAR/GANDHINAGAR/Others/MAA00059/020917,SHREE RANG PEARL,Mixed Development,Gandhinagar
PR/GJ/AHMEDABAD/SANAND/AUDA/RAA00060/040917,Vishwanath Sarathya,Residential/Group Housing,Ahmedabad
PR/GJ/AHMEDABAD/AHMADABAD CITY/AUDA/MAA00061/040917,"ICB- FLORA ""O"" BLOCK",Mixed Development,Ahmedabad
PR/GJ/AHMEDABAD/AHMADABAD CITY/AUDA/RAA00062/040917,ABHIJYOT GREEN,Residential/Group Housing,Ahmedabad
PR/GJ/AHMEDABAD/SANAND/AUDA/RAA00063/040917,VERNIS VILLA,Residential/Group Housing,Ahmedabad
PR/GJ/AHMEDABAD/SANAND/AUDA/RAA00064/040917,FLORIS VILLA,Residential/Group Housing,Ahmedabad
PR/GJ/AHMEDABAD/SANAND/AUDA/RAA00065/040917,ARCUS VILLA,Residential/Group Housing,Ahmedabad
PR/GJ/AHMEDABAD/AHMADABAD CITY/AUDA/RAA00066/040917,"SURYA EMERALD -  BLOCK A, B, C ",Residential/Group Housing,Ahmedabad
PR/GJ/AHMEDABAD/AHMADABAD CITY/AUDA/RAA00067/040917,SEVENTY,Residential/Group Housing,Ahmedabad
PR/GJ/AHMEDABAD/AHMADABAD CITY/AUDA/RAA00068/040917,SURYA EMERALD - BLOCK D,Residential/Group Housing,Ahmedabad
PR/GJ/AHMEDABAD/AHMADABAD CITY/AUDA/RAA00069/040917,RADHE GOVIND GALAXY,Residential/Group Housing,Ahmedabad
PR/GJ/AHMEDABAD/AHMADABAD CITY/AUDA/MAA00070/040917,RAGHUNANDAN HEIGHTS,Mixed Development,Ahmedabad
PR/GJ/AHMEDABAD/SANAND/AUDA/RAA00071/040917,AAKASH RESIDENCY PHASE-1,Residential/Group Housing,Ahmedabad
PR/GJ/AHMEDABAD/SANAND/AUDA/RAA00072/040917,AAKASH RESIDENCY PHASE-2,Residential/Group Housing,Ahmedabad
PR/GJ/AHMEDABAD/AHMADABAD CITY/AUDA/RAA00073/040917,AMARA,Residential/Group Housing,Ahmedabad
PR/GJ/AHMEDABAD/AHMADABAD CITY/AUDA/RAA00074/040917,SUN PRIMA,Residential/Group Housing,Ahmedabad
PR/GJ/AHMEDABAD/AHMADABAD CITY/AUDA/RAA00075/040917,RUSHABH ELEGANCE,Residential/Group Housing,Ahmedabad
PR/GJ/AHMEDABAD/AHMADABAD CITY/AUDA/RAA00076/050917,ORCHID HEIGHTS,Residential/Group Housing,Ahmedabad
PR/GJ/AHMEDABAD/AHMADABAD CITY/AUDA/RAA00077/050917,Eminence - 14,Residential/Group Housing,Ahmedabad
PR/GJ/AHMEDABAD/AHMADABAD CITY/AUDA/MAA00078/050917,SARITA RESIDENCY1,Mixed Development,Ahmedabad
PR/GJ/AHMEDABAD/AHMADABAD CITY/AUDA/RAA00079/050917,BHAGIRATH HABITAT,Residential/Group Housing,Ahmedabad
PR/GJ/AHMEDABAD/AHMADABAD CITY/AUDA/RAA00080/050917,ORCHID HEAVEN,Residential/Group Housing,Ahmedabad
PR/GJ/AHMEDABAD/AHMADABAD CITY/AUDA/CAA00081/050917,31FIVE,Commercial,Ahmedabad
PR/GJ/GANDHINAGAR/GANDHINAGAR/AUDA/RAA00082/050917,Shri Shaligram Villa,Residential/Group Housing,Gandhinagar
PR/GJ/AHMEDABAD/AHMADABAD CITY/AUDA/RAA00083/060917,DEVSIDDHI FABULA,Residential/Group Housing,Ahmedabad
PR/GJ/AHMEDABAD/AHMADABAD CITY/AUDA/CAA00084/060917,SWANIK ARCADE,Commercial,Ahmedabad
PR/GJ/AHMEDABAD/AHMADABAD CITY/AUDA/CAA00085/060917,Sumel-10,Commercial,Ahmedabad
PR/GJ/GANDHINAGAR/KALOL/AUDA/PAA00086/060917,129 Weekend Villas,Plotted Development,Gandhinagar
PR/GJ/SURAT/SURAT CITY/SUDA/MAA00087/070917,Rajhans Stadium Plaza & residency,Mixed Development,Surat
PR/GJ/SURAT/SURAT CITY/SUDA/CAA00088/070917,RaJhans Business Hub,Commercial,Surat
PR/GJ/SURAT/SURAT CITY/SUDA/CAA00089/070917,Raghuvir Trade Center,Commercial,Surat
PR/GJ/AHMEDABAD/AHMADABAD CITY/AUDA/RAA00090/070917,SUN CENTRUM,Residential/Group Housing,Ahmedabad
PR/GJ/AHMEDABAD/AHMADABAD CITY/AUDA/RAA00091/070917,The Festival Residency 2,Residential/Group Housing,Ahmedabad
PR/GJ/AHMEDABAD/AHMADABAD CITY/AUDA/RAA00092/070917,SHYAM VIHAR -II,Residential/Group Housing,Ahmedabad
PR/GJ/VADODARA/VADODARA/Others/RAA00093/070917,33LE,Residential/Group Housing,Vadodara
PR/GJ/AHMEDABAD/DASKROI/AUDA/RAA00094/070917,SHREE RAM HERITAGE ,Residential/Group Housing,Ahmedabad
PR/GJ/AHMEDABAD/AHMADABAD CITY/AUDA/CAA00095/070917,W1,Commercial,Ahmedabad
PR/GJ/GANDHINAGAR/GANDHINAGAR/AUDA/CAA00096/070917,PEHEL,Commercial,Gandhinagar
PR/GJ/AHMEDABAD/AHMADABAD CITY/AUDA/MAA00097/070917,KISHOR PARK,Mixed Development,Ahmedabad
PR/GJ/SURAT/OLPAD/Others/RAA00098/070917,BARBELLA PHASE-1,Residential/Group Housing,Surat
PR/GJ/AHMEDABAD/AHMADABAD CITY/AUDA/MAA00099/070917,YASH ARIAN,Mixed Development,Ahmedabad
PR/GJ/SURAT/SURAT CITY/SUDA/CAA00100/070917,Raghuvir Scarlett,Commercial,Surat
PR/GJ/SURAT/CHORASI/SUDA/CAA00101/070917, Raghuvir Platinum,Commercial,Surat
PR/GJ/SURAT/OLPAD/Others/RAA00102/080917,CASA BELLA ,Residential/Group Housing,Surat
PR/GJ/VADODARA/VADODARA/Others/RAA00103/080917,MADHUVAN ELEGANCE,Residential/Group Housing,Vadodara
PR/GJ/SURAT/SURAT CITY/Others/CAA00104/080917,PIRAMYD ICON,Commercial,Surat
PR/GJ/AHMEDABAD/DASKROI/AUDA/MAA00105/080917,SUN SIMPOLO,Mixed Development,Ahmedabad
PR/GJ/SURAT/SURAT CITY/SUDA/RAA00106/080917,SANGINI TERRAZA,Residential/Group Housing,Surat
PR/GJ/SURAT/OLPAD/SUDA/MAA00107/080917,OPERA CRYTSAL,Mixed Development,Surat
PR/GJ/SURAT/SURAT CITY/SUDA/CAA00108/080917,SANGINI MAGNUS,Commercial,Surat
PR/GJ/SURAT/SURAT CITY/SUDA/RAA00109/080917,SANGINI ARISE,Residential/Group Housing,Surat
PR/GJ/AHMEDABAD/AHMADABAD CITY/AUDA/CAA00110/080917,WestFace,Commercial,Ahmedabad
PR/GJ/SURAT/KAMREJ/SUDA/MAA00111/080917,OPERA PRINCE,Mixed Development,Surat
PR/GJ/SURAT/CHORASI/SUDA/CAA00112/080917,Raghuvir Celeum Center,Commercial,Surat
PR/GJ/SURAT/CHORASI/SUDA/CAA00113/080917,SANGINI TEXTILE HUB B,Commercial,Surat
PR/GJ/AHMEDABAD/AHMADABAD CITY/AUDA/RAA00114/080917,Eden I,Residential/Group Housing,Ahmedabad
PR/GJ/AHMEDABAD/AHMADABAD CITY/AUDA/MAA00115/080917,SHALIN HEIGHTS 5,Mixed Development,Ahmedabad
PR/GJ/SURAT/KAMREJ/SUDA/MAA00116/080917,OPERA PALM,Mixed Development,Surat
PR/GJ/VADODARA/VADODARA/Others/RAA00117/110917,shivam enclave duplex,Residential/Group Housing,Vadodara
PR/GJ/SURAT/CHORASI/SUDA/CAA00118/110917,ELITA SQUARE,Commercial,Surat
PR/GJ/SURAT/KAMREJ/SUDA/MAA00119/110917,OPERA ROYAL,Mixed Development,Surat
PR/GJ/VADODARA/VAGHODIA/Others/RAA00120/110917,"SHREE AKSHAR RESIDENCY (Type-A1,B,C,D,sector-A,B)",Residential/Group Housing,Vadodara
PR/GJ/AHMEDABAD/AHMADABAD CITY/AUDA/RAA00121/110917,GANESH SKYLINE 2,Residential/Group Housing,Ahmedabad
PR/GJ/AHMEDABAD/AHMADABAD CITY/AUDA/MAA00122/110917,TULSI RESIDENCY,Mixed Development,Ahmedabad
PR/GJ/SURAT/SURAT CITY/SUDA/RAA00123/110917,SHUBH VATIKA(PHASE-II),Residential/Group Housing,Surat
PR/GJ/SURAT/CHORASI/SUDA/MAA00124/110917,ANMOL HEIGHTS,Mixed Development,Surat
PR/GJ/SURAT/CHORASI/SUDA/RAA00125/110917,Raghuvir Shell,Residential/Group Housing,Surat
PR/GJ/SURAT/SURAT CITY/SUDA/CAA00126/110917,SHIVEN SHOPPERS,Commercial,Surat
PR/GJ/VADODARA/VADODARA/Others/RAA00127/110917,Taksh Divine,Residential/Group Housing,Vadodara
PR/GJ/RAJKOT/RAJKOT/Others/RAA00128/110917,AURUM ONE,Residential/Group Housing,Rajkot
PR/GJ/VADODARA/VADODARA/Others/RAA00129/110917,Taksh Galaxy,Residential/Group Housing,Vadodara
PR/GJ/VADODARA/VADODARA/Others/RAA00130/120917,SHIVAM DUPLEX,Residential/Group Housing,Vadodara
PR/GJ/SURAT/CHORASI/SUDA/CAA00131/120917,SHIVEN SQUARE,Commercial,Surat
PR/GJ/SURAT/SURAT CITY/SUDA/RAA00132/120917,CAPITAL DREAMZ,Residential/Group Housing,Surat
PR/GJ/VADODARA/VADODARA/Others/RAA00133/120917,taksh galaxy,Residential/Group Housing,Vadodara
PR/GJ/AHMEDABAD/AHMADABAD CITY/AUDA/MAA00134/120917,GANESH PARISAR,Mixed Development,Ahmedabad
PR/GJ/AHMEDABAD/SANAND/AUDA/RAA00135/120917,MAHER HOMES - 2,Residential/Group Housing,Ahmedabad
PR/GJ/VADODARA/VADODARA/Others/PAA00136/120917,CLASSIC COUNTY,Plotted Development,Vadodara
PR/GJ/VADODARA/VADODARA/Others/RAA00137/120917,GOKUL DUPLEX,Residential/Group Housing,Vadodara
PR/GJ/SURAT/KAMREJ/SUDA/MAA00138/130917,OPERA PALACE,Mixed Development,Surat
PR/GJ/RAJKOT/RAJKOT/Others/RAA00139/130917,KASTURI CASA,Residential/Group Housing,Rajkot
PR/GJ/AHMEDABAD/AHMADABAD CITY/AUDA/MAA00140/130917,GANESH VATIKA,Mixed Development,Ahmedabad
PR/GJ/AHMEDABAD/AHMADABAD CITY/AUDA/CAA00141/130917,ISCON EMPORIO,Commercial,Ahmedabad
PR/GJ/AHMEDABAD/AHMADABAD CITY/AUDA/MAA00142/130917,KB ROYALPHOENIX,Mixed Development,Ahmedabad
PR/GJ/AHMEDABAD/AHMADABAD CITY/AUDA/MAA00143/140917,Utsav Vatva ,Mixed Development,Ahmedabad
PR/GJ/AHMEDABAD/AHMADABAD CITY/AUDA/RAA00144/140917,Gala Eternia,Residential/Group Housing,Ahmedabad
PR/GJ/AHMEDABAD/AHMADABAD CITY/AUDA/CAA00145/140917,Gala Empire ,Commercial,Ahmedabad
PR/GJ/AHMEDABAD/AHMADABAD CITY/AUDA/MAA00146/140917,SERENITY SPACE,Mixed Development,Ahmedabad
PR/GJ/AHMEDABAD/AHMADABAD CITY/AUDA/RAA00147/140917,SAMVAAD SAMANVAY,Residential/Group Housing,Ahmedabad
PR/GJ/AHMEDABAD/DASKROI/AUDA/RAA00148/140917,Gala Marvella,Residential/Group Housing,Ahmedabad
PR/GJ/AHMEDABAD/AHMADABAD CITY/AUDA/MAA00149/140917,SURYANSH SOLITAIRE,Mixed Development,Ahmedabad
PR/GJ/AHMEDABAD/AHMADABAD CITY/AUDA/RAA00150/140917,Sarjan,Residential/Group Housing,Ahmedabad
PR/GJ/AHMEDABAD/SANAND/AUDA/RAA00151/150917,SATYESH RESIDENCY,Residential/Group Housing,Ahmedabad
PR/GJ/SURAT/CHORASI/SUDA/MAA00152/150917,Orchid Blossom,Mixed Development,Surat
PR/GJ/VADODARA/VADODARA/Others/RAA00153/150917,SHRIKUNJ RESIDENCY,Residential/Group Housing,Vadodara
PR/GJ/KUTCH/ANJAR/Others/PAA00154/150917,Yogeshwar Prime,Plotted Development,Kutch
PR/GJ/AHMEDABAD/AHMADABAD CITY/AUDA/RAA00155/150917,ISHAN LUXURIA,Residential/Group Housing,Ahmedabad
PR/GJ/VADODARA/VADODARA/Others/RAA00156/150917,Dove Deck 2,Residential/Group Housing,Vadodara
PR/GJ/TAPI/VYARA/Others/MAA00157/150917,Royal Luxuria,Mixed Development,Tapi
PR/GJ/RAJKOT/RAJKOT/Others/MAA00158/150917,REAL PRIME,Mixed Development,Rajkot
PR/GJ/VADODARA/VADODARA/Others/RAA00159/150917,TAKSH VILLA,Residential/Group Housing,Vadodara
PR/GJ/SURAT/SURAT CITY/SUDA/RAA00160/160917,SHRUNGAL HOMES,Residential/Group Housing,Surat
PR/GJ/AHMEDABAD/AHMADABAD CITY/AUDA/RAA00161/160917,Saamarth Heaven III,Residential/Group Housing,Ahmedabad
PR/GJ/SURAT/SURAT CITY/SUDA/RAA00162/160917,Raghuvir Silverstone,Residential/Group Housing,Surat
PR/GJ/SURAT/SURAT CITY/SUDA/RAA00163/160917,The Legend,Residential/Group Housing,Surat
PR/GJ/VADODARA/VADODARA/Others/MAA00164/160917,THE EARTH INFINITY,Mixed Development,Vadodara
PR/GJ/VADODARA/VADODARA/Others/MAA00165/160917,UPVAN HERITAGE,Mixed Development,Vadodara
PR/GJ/VADODARA/VADODARA/Others/MAA00166/160917,INFINIUM,Mixed Development,Vadodara
PR/GJ/VADODARA/VADODARA/Others/RAA00167/160917,EARTH ALLYSSUM,Residential/Group Housing,Vadodara
PR/GJ/VADODARA/VAGHODIA/Others/RAA00168/160917,BLUE'S SPRINGFIELD,Residential/Group Housing,Vadodara
PR/GJ/AHMEDABAD/AHMADABAD CITY/AUDA/RAA00169/180917,WESTPARK,Residential/Group Housing,Ahmedabad
PR/GJ/AHMEDABAD/AHMADABAD CITY/AUDA/MAA00170/180917,HEAVEN HEIGHTS,Mixed Development,Ahmedabad
PR/GJ/AHMEDABAD/DASKROI/AUDA/RAA00171/180917,Gala Glory ,Residential/Group Housing,Ahmedabad
PR/GJ/AHMEDABAD/AHMADABAD CITY/AUDA/RAA00172/180917,Elite 18 Square,Residential/Group Housing,Ahmedabad
PR/GJ/AHMEDABAD/AHMADABAD CITY/AUDA/CAA00173/180917,RAJYASH RISE,Commercial,Ahmedabad
PR/GJ/AHMEDABAD/AHMADABAD CITY/AUDA/MAA00174/180917,VAIKUNTH DARSHAN,Mixed Development,Ahmedabad
PR/GJ/AHMEDABAD/AHMADABAD CITY/AUDA/RAA00175/180917,SARTHAK ELEGANCE,Residential/Group Housing,Ahmedabad
PR/GJ/AHMEDABAD/AHMADABAD CITY/AUDA/RAA00176/180917,DEV VIHAAN,Residential/Group Housing,Ahmedabad
PR/GJ/AHMEDABAD/AHMADABAD CITY/AUDA/RAA00177/180917,Surya Shreeji 66,Residential/Group Housing,Ahmedabad
PR/GJ/SURAT/KAMREJ/Others/PAA00178/180917,Shiv Rameshwar Residency,Plotted Development,Surat
PR/GJ/GANDHINAGAR/GANDHINAGAR/AUDA/RAA00179/180917,madhav bunglows,Residential/Group Housing,Gandhinagar
PR/GJ/AHMEDABAD/AHMADABAD CITY/AUDA/RAA00180/190917,Shyam Belle Ville,Residential/Group Housing,Ahmedabad
PR/GJ/AHMEDABAD/AHMADABAD CITY/AUDA/MAA00181/190917,shayona shikhar,Mixed Development,Ahmedabad
PR/GJ/AHMEDABAD/AHMADABAD CITY/AUDA/RAA00182/190917,KAVERI SOHAM,Residential/Group Housing,Ahmedabad
PR/GJ/AHMEDABAD/DASKROI/AUDA/RAA00183/190917,SUNDARAM FLORA,Residential/Group Housing,Ahmedabad
PR/GJ/RAJKOT/RAJKOT/Others/RAA00184/190917,TAPOVAN RESIDENCY,Residential/Group Housing,Rajkot
PR/GJ/AHMEDABAD/AHMADABAD CITY/AUDA/RAA00185/190917,SKY ELEVEN,Residential/Group Housing,Ahmedabad
PR/GJ/SURAT/SURAT CITY/SUDA/MAA00186/190917,SUNDAY RESIDENCY Phase 2,Mixed Development,Surat
PR/GJ/VADODARA/VADODARA/Others/CAA00187/190917,EARTH EON,Commercial,Vadodara
PR/GJ/RAJKOT/RAJKOT/Others/MAA00188/190917,RATNAM SKY CITY,Mixed Development,Rajkot
PR/GJ/AHMEDABAD/AHMADABAD CITY/AUDA/RAA00189/190917,DEV SOLITAIRE,Residential/Group Housing,Ahmedabad
PR/GJ/AHMEDABAD/AHMADABAD CITY/AUDA/CAA00190/200917,Ratnaakar Nine Square - Phase - I,Commercial,Ahmedabad
PR/GJ/VADODARA/VADODARA/Others/RAA00191/200917,DIAMOND BUNGALOWS,Residential/Group Housing,Vadodara
PR/GJ/AHMEDABAD/DASKROI/AUDA/RAA00192/200917,SWASTIK ELEGANCE,Residential/Group Housing,Ahmedabad
PR/GJ/AHMEDABAD/AHMADABAD CITY/AUDA/CAA00193/200917,ORBIT,Commercial,Ahmedabad
PR/GJ/VADODARA/VADODARA/Others/RAA00194/200917,Narayan Orbis Phase-1,Residential/Group Housing,Vadodara
PR/GJ/SURAT/SURAT CITY/SUDA/RAA00195/200917,NEST VENEZIA,Residential/Group Housing,Surat
PR/GJ/AHMEDABAD/AHMADABAD CITY/AUDA/RAA00196/200917,DEV PARISAR,Residential/Group Housing,Ahmedabad
PR/GJ/AHMEDABAD/AHMADABAD CITY/AUDA/RAA00197/200917,AVALON PARK,Residential/Group Housing,Ahmedabad
PR/GJ/AHMEDABAD/AHMADABAD CITY/AUDA/RAA00198/200917,SURYAM ELEGANCE-PHASE-II,Residential/Group Housing,Ahmedabad
PR/GJ/SURAT/KAMREJ/SUDA/MAA00199/200917,VICTORIA TOWNSHIP,Mixed Development,Surat
PR/GJ/SURAT/CHORASI/SUDA/RAA00200/200917,SUNDARAM SATUS,Residential/Group Housing,Surat
PR/GJ/SURAT/SURAT CITY/SUDA/CAA00201/200917,HAPPY HALLMARK SHOPPERS,Commercial,Surat
PR/GJ/SURAT/CHORASI/SUDA/CAA00202/200917,THE BOULEVARD,Commercial,Surat
PR/GJ/SURAT/SURAT CITY/SUDA/CAA00203/200917,VIVANTA ICON,Commercial,Surat
PR/GJ/SURAT/SURAT CITY/SUDA/RAA00204/200917,Sumeru Residency ,Residential/Group Housing,Surat
PR/GJ/SURAT/SURAT CITY/SUDA/RAA00205/210917,CELEBRITY GREENS,Residential/Group Housing,Surat
PR/GJ/SURAT/SURAT CITY/SUDA/RAA00206/210917,HAPPY EXCELENCIA,Residential/Group Housing,Surat
PR/GJ/SURAT/SURAT CITY/SUDA/CAA00207/210917,LUXURIA TRADE HUB,Commercial,Surat
PR/GJ/AHMEDABAD/AHMADABAD CITY/AUDA/MAA00208/210917,Omshanti Gold Plus,Mixed Development,Ahmedabad
PR/GJ/AHMEDABAD/AHMADABAD CITY/AUDA/RAA00209/210917,SKYBELL,Residential/Group Housing,Ahmedabad
PR/GJ/SURAT/SURAT CITY/SUDA/RAA00210/210917,Shantivan Residency,Residential/Group Housing,Surat
PR/GJ/AHMEDABAD/AHMADABAD CITY/AUDA/MAA00211/210917,RADHE OM CITY,Mixed Development,Ahmedabad
PR/GJ/SURAT/SURAT CITY/SUDA/RAA00212/210917,HAPPY GLORIOUS-PHASE 2,Residential/Group Housing,Surat
PR/GJ/AHMEDABAD/AHMADABAD CITY/AUDA/RAA00213/210917,PANCHAMRUT GREEN,Residential/Group Housing,Ahmedabad
PR/GJ/GANDHINAGAR/GANDHINAGAR/AUDA/MAA00214/210917,VAISHANVI GARDEN VIEW,Mixed Development,Gandhinagar
PR/GJ/SURAT/SURAT CITY/SUDA/RAA00215/210917,HAPPY ELENZA,Residential/Group Housing,Surat
PR/GJ/VADODARA/VADODARA/Others/RAA00216/210917,RUDRAKSH COUNTY,Residential/Group Housing,Vadodara
PR/GJ/GANDHINAGAR/KALOL/AUDA/RAA00217/210917,Arvind Uplands - I,Residential/Group Housing,Gandhinagar
PR/GJ/AHMEDABAD/DASKROI/AUDA/MAA00218/210917,AARYAN GLORIA,Mixed Development,Ahmedabad
PR/GJ/VADODARA/VADODARA/Others/RAA00219/210917,Taksh Aura Phase-1,Residential/Group Housing,Vadodara
PR/GJ/GANDHINAGAR/GANDHINAGAR/Others/RAA00220/210917,Maruti Aamrakunj-2,Residential/Group Housing,Gandhinagar
PR/GJ/SURAT/CHORASI/SUDA/CAA00221/210917,HAPPY GOLDMINES SHOPPERS,Commercial,Surat
PR/GJ/BHARUCH/BHARUCH/Others/RAA00222/210917,R K COUNTY,Residential/Group Housing,Bharuch
PR/GJ/SURAT/SURAT CITY/SUDA/CAA00223/210917,THE GALLERIA SHOPPING HUB,Commercial,Surat
PR/GJ/SURAT/SURAT CITY/SUDA/CAA00224/210917,SOHAM ARCADE,Commercial,Surat
PR/GJ/SURAT/SURAT CITY/SUDA/MAA00225/210917,SUNDAY RESIDENCY Phase 1,Mixed Development,Surat
PR/GJ/SURAT/CHORASI/SUDA/MAA00226/210917,LAKE VIEW RESIDENCY,Mixed Development,Surat
PR/GJ/VADODARA/VADODARA/Others/RAA00227/220917,NISARAG RESIDENCY ,Residential/Group Housing,Vadodara
PR/GJ/AHMEDABAD/AHMADABAD CITY/AUDA/RAA00228/220917,SHIVALIK LEGACY,Residential/Group Housing,Ahmedabad
PR/GJ/GANDHINAGAR/GANDHINAGAR/AUDA/MAA00229/220917,ADITYA ROYAL,Mixed Development,Gandhinagar
PR/GJ/AHMEDABAD/AHMADABAD CITY/AUDA/RAA00230/220917,SARTHAK HABITAT,Residential/Group Housing,Ahmedabad
PR/GJ/AHMEDABAD/AHMADABAD CITY/AUDA/RAA00231/220917,ANIKET ELEGANCE,Residential/Group Housing,Ahmedabad
PR/GJ/AHMEDABAD/AHMADABAD CITY/AUDA/RAA00232/220917,SHIV HABITAT,Residential/Group Housing,Ahmedabad
PR/GJ/AHMEDABAD/AHMADABAD CITY/AUDA/RAA00233/220917,RAJYASH REYANSH,Residential/Group Housing,Ahmedabad
PR/GJ/SURAT/SURAT CITY/SUDA/RAA00234/220917,TAPI ENCLAVE,Residential/Group Housing,Surat
PR/GJ/AHMEDABAD/AHMADABAD CITY/AUDA/MAA00235/220917,Shivesh 621,Mixed Development,Ahmedabad
PR/GJ/AHMEDABAD/AHMADABAD CITY/AUDA/RAA00236/220917,Shreeya Antilia,Residential/Group Housing,Ahmedabad
PR/GJ/VADODARA/VADODARA/Others/RAA00237/220917,24K,Residential/Group Housing,Vadodara
PR/GJ/AHMEDABAD/AHMADABAD CITY/AUDA/CAA00238/250917,City Gate,Commercial,Ahmedabad
PR/GJ/VALSAD/PARDI/Others/MAA00239/250917,Signature A & B,Mixed Development,Valsad
PR/GJ/BHAVNAGAR/BHAVNAGAR/Others/CAA00240/250917,SWARA PARKLANE,Commercial,Bhavnagar
PR/GJ/AHMEDABAD/AHMADABAD CITY/AUDA/MAA00241/250917,Sky One,Mixed Development,Ahmedabad
PR/GJ/VADODARA/VADODARA/Others/MAA00242/250917,VRUNDALAY 3,Mixed Development,Vadodara
PR/GJ/VADODARA/VADODARA/Others/CAA00243/250917,GOLDCROFT,Commercial,Vadodara
PR/GJ/VADODARA/VADODARA/Others/RAA00244/250917,Central Park,Residential/Group Housing,Vadodara
PR/GJ/AHMEDABAD/AHMADABAD CITY/AUDA/RAA00245/250917,THE BANYAN,Residential/Group Housing,Ahmedabad
PR/GJ/SURAT/CHORASI/SUDA/RAA00246/250917,Nakshatra Nebula Phase-2,Residential/Group Housing,Surat
PR/GJ/SURAT/SURAT CITY/SUDA/RAA00247/250917,RAJHANS PLATINUM RESIDENCY ,Residential/Group Housing,Surat
PR/GJ/AHMEDABAD/AHMADABAD CITY/AUDA/MAA00248/250917,AARNA FORTUNE,Mixed Development,Ahmedabad
PR/GJ/AHMEDABAD/AHMADABAD CITY/AUDA/MAA00249/250917,Ratnaakar Halcyon,Mixed Development,Ahmedabad
PR/GJ/VADODARA/VADODARA/Others/MAA00250/250917,Veda,Mixed Development,Vadodara
PR/GJ/VADODARA/VADODARA/Others/MAA00251/250917,VRUNDALAY AVENUE 2,Mixed Development,Vadodara
PR/GJ/AHMEDABAD/AHMADABAD CITY/AUDA/MAA00252/260917,SEVENTH PARISAR,Mixed Development,Ahmedabad
PR/GJ/GANDHINAGAR/GANDHINAGAR/AUDA/RAA00253/260917,EARTH PARADISE,Residential/Group Housing,Gandhinagar
PR/GJ/VADODARA/VADODARA/Others/MAA00254/260917,AMARDEEP HOMES,Mixed Development,Vadodara
PR/GJ/VADODARA/VADODARA/Others/MAA00255/260917,AMARDEEP HERITAGE PHASE-1,Mixed Development,Vadodara
PR/GJ/AHMEDABAD/DASKROI/AUDA/RAA00256/260917,Swapnil Homes,Residential/Group Housing,Ahmedabad
PR/GJ/AHMEDABAD/AHMADABAD CITY/AUDA/RAA00257/260917,PANCHAMRUT GREENS,Residential/Group Housing,Ahmedabad
PR/GJ/AHMEDABAD/AHMADABAD CITY/AUDA/RAA00258/260917,ANKUR APARTMENT,Residential/Group Housing,Ahmedabad
PR/GJ/AHMEDABAD/AHMADABAD CITY/AUDA/MAA00259/260917,ORCHID ELEGANCE,Mixed Development,Ahmedabad
PR/GJ/AHMEDABAD/SANAND/AUDA/MAA00260/260917,Prerna RajVijay Tirth,Mixed Development,Ahmedabad
PR/GJ/AHMEDABAD/AHMADABAD CITY/AUDA/MAA00261/260917,Krish Elite,Mixed Development,Ahmedabad
PR/GJ/GANDHINAGAR/GANDHINAGAR/Others/RAA00262/260917,Tulsi Bungalows,Residential/Group Housing,Gandhinagar
PR/GJ/VADODARA/VADODARA/Others/RAA00263/260917,NISARG PALLADIUM,Residential/Group Housing,Vadodara
PR/GJ/VADODARA/VADODARA/Others/RAA00264/260917,HARI DARSHAN BUNGLOWS,Residential/Group Housing,Vadodara
PR/GJ/VADODARA/VADODARA/Others/MAA00265/260917,Vrundalay Heights,Mixed Development,Vadodara
PR/GJ/AHMEDABAD/DASKROI/AUDA/CAA00266/260917,Gala Magnus ,Commercial,Ahmedabad
PR/GJ/VADODARA/VADODARA/Others/MAA00267/260917,Naman Residency,Mixed Development,Vadodara
PR/GJ/AHMEDABAD/AHMADABAD CITY/AUDA/RAA00268/270917,NORTH PARK (Phase-5),Residential/Group Housing,Ahmedabad
PR/GJ/AHMEDABAD/AHMADABAD CITY/AUDA/MAA00269/270917,AARYAN EMBASSY,Mixed Development,Ahmedabad
PR/GJ/AHMEDABAD/AHMADABAD CITY/AUDA/RAA00270/270917,"CELINO	",Residential/Group Housing,Ahmedabad
PR/GJ/VADODARA/VADODARA/Others/RAA00271/270917,Maple Villas,Residential/Group Housing,Vadodara
PR/GJ/VADODARA/VADODARA/Others/RAA00272/270917,KARMA LIFESTYLE,Residential/Group Housing,Vadodara
PR/GJ/VADODARA/VADODARA/Others/RAA00273/270917,Narayan Aangan,Residential/Group Housing,Vadodara
PR/GJ/VADODARA/VADODARA/Others/RAA00274/270917,VALLABH KUTIR,Residential/Group Housing,Vadodara
PR/GJ/VADODARA/VADODARA/Others/MAA00275/270917,NYSA SKYDALE,Mixed Development,Vadodara
PR/GJ/AHMEDABAD/AHMADABAD CITY/AUDA/RAA00276/270917,TAJ RESIDENCY,Residential/Group Housing,Ahmedabad
PR/GJ/AHMEDABAD/DASKROI/AUDA/RAA00277/270917,Shalin Sky,Residential/Group Housing,Ahmedabad
PR/GJ/AHMEDABAD/AHMADABAD CITY/AUDA/CAA00278/270917,Prerna Aartika,Commercial,Ahmedabad
PR/GJ/SURAT/SURAT CITY/SUDA/RAA00279/270917,SHRUNGAL HOMES,Residential/Group Housing,Surat
PR/GJ/SURAT/SURAT CITY/SUDA/CAA00280/270917,ORCHID HARMONY COMMERCIAL,Commercial,Surat
PR/GJ/SURAT/CHORASI/SUDA/CAA00281/280917,TIME SQUARE,Commercial,Surat
PR/GJ/SURAT/SURAT CITY/SUDA/RAA00282/280917,ORCHID HARMONY,Residential/Group Housing,Surat
PR/GJ/GANDHINAGAR/GANDHINAGAR/AUDA/RAA00283/280917,VIVAAN INFINITY,Residential/Group Housing,Gandhinagar
PR/GJ/AHMEDABAD/DASKROI/AUDA/RAA00284/280917,42 parkview,Residential/Group Housing,Ahmedabad
PR/GJ/SURAT/SURAT CITY/SUDA/RAA00285/280917,PALLADIUM PRIDE,Residential/Group Housing,Surat
PR/GJ/SURAT/CHORASI/SUDA/CAA00286/280917,GREEN SIGNATURE SHOPPERS,Commercial,Surat
PR/GJ/SURAT/SURAT CITY/SUDA/CAA00287/280917,LA CITADELL,Commercial,Surat
PR/GJ/SURAT/KAMREJ/SUDA/RAA00288/280917,SURYADARSHAN SILENT CITY,Residential/Group Housing,Surat
PR/GJ/SURAT/SURAT CITY/SUDA/MAA00289/280917,AASTHA RESIDENCY,Mixed Development,Surat
PR/GJ/SURAT/SURAT CITY/Others/RAA00290/280917,CHANDRADARSHAN RESIDENCY-2,Residential/Group Housing,Surat
PR/GJ/AHMEDABAD/AHMADABAD CITY/AUDA/MAA00291/280917,VANDEMATRAM FABULA,Mixed Development,Ahmedabad
PR/GJ/SURAT/SURAT CITY/SUDA/MAA00292/280917,WEEKEND ADDRESS,Mixed Development,Surat
PR/GJ/SURAT/CHORASI/SUDA/CAA00293/280917,AAKASH  RETAIL,Commercial,Surat
PR/GJ/SURAT/SURAT CITY/SUDA/RAA00294/280917,EXPRESSIONS,Residential/Group Housing,Surat
PR/GJ/GANDHINAGAR/KALOL/AUDA/PAA00295/280917,129 Retreat,Plotted Development,Gandhinagar
PR/GJ/AHMEDABAD/DASKROI/AUDA/MAA00296/290917,VICTORY SUNRISE,Mixed Development,Ahmedabad
PR/GJ/GANDHINAGAR/GANDHINAGAR/AUDA/RAA00297/290917,Navpad Helios,Residential/Group Housing,Gandhinagar
PR/GJ/SURAT/SURAT CITY/SUDA/CAA00298/290917,ORBIT 1,Commercial,Surat
PR/GJ/SURAT/SURAT CITY/SUDA/RAA00299/290917,THE EVOLUTION,Residential/Group Housing,Surat
PR/GJ/AHMEDABAD/AHMADABAD CITY/AUDA/RAA00300/290917,DIVYAKUNJ PARISAR,Residential/Group Housing,Ahmedabad
PR/GJ/SURAT/CHORASI/SUDA/CAA00301/290917,THE ADDRESS,Commercial,Surat
PR/GJ/SURAT/KAMREJ/SUDA/MAA00302/290917,Amrut Kunj,Mixed Development,Surat
PR/GJ/AHMEDABAD/AHMADABAD CITY/AUDA/RAA00303/290917,NORTH PARK (Phase-6),Residential/Group Housing,Ahmedabad
PR/GJ/AHMEDABAD/AHMADABAD CITY/AUDA/MAA00304/290917,Venus Parkheights,Mixed Development,Ahmedabad
PR/GJ/GANDHINAGAR/GANDHINAGAR/Others/RAA00305/290917,HARI AALAYAM,Residential/Group Housing,Gandhinagar
PR/GJ/SURAT/SURAT CITY/SUDA/RAA00306/031017,MADHAV PLATINA,Residential/Group Housing,Surat
PR/GJ/AHMEDABAD/AHMADABAD CITY/AUDA/RAA00307/031017,Om Mangalya,Residential/Group Housing,Ahmedabad
PR/GJ/AHMEDABAD/AHMADABAD CITY/AUDA/MAA00308/031017,MARUTI BLISS,Mixed Development,Ahmedabad
PR/GJ/AHMEDABAD/AHMADABAD CITY/AUDA/RAA00309/031017,Avadh Dreamland,Residential/Group Housing,Ahmedabad
PR/GJ/AHMEDABAD/AHMADABAD CITY/AUDA/MAA00310/031017,Radiance Residency,Mixed Development,Ahmedabad
PR/GJ/AHMEDABAD/AHMADABAD CITY/AUDA/MAA00311/031017,SKYLIGHTS,Mixed Development,Ahmedabad
PR/GJ/AHMEDABAD/AHMADABAD CITY/AUDA/CAA00312/031017,Shivalik Satyamev,Commercial,Ahmedabad
PR/GJ/SURAT/SURAT CITY/SUDA/RAA00313/031017,PRAMUKH ARANYA(BUILDING B-2 & B-3),Residential/Group Housing,Surat
PR/GJ/AHMEDABAD/AHMADABAD CITY/AUDA/CAA00314/031017,Shivalik Shilp,Commercial,Ahmedabad
PR/GJ/BHAVNAGAR/BHAVNAGAR/Others/CAA00315/031017,SWASTIK SQUARE,Commercial,Bhavnagar
PR/GJ/GANDHINAGAR/GANDHINAGAR/AUDA/MAA00316/031017,madhuram royal,Mixed Development,Gandhinagar
PR/GJ/AHMEDABAD/AHMADABAD CITY/AUDA/RAA00317/031017,YASH FLORA,Residential/Group Housing,Ahmedabad
PR/GJ/AHMEDABAD/AHMADABAD CITY/AUDA/CAA00318/031017,Aaryan Workspace - 2,Commercial,Ahmedabad
PR/GJ/AHMEDABAD/AHMADABAD CITY/AUDA/RAA00319/041017,AARYAN OPULENCE ,Residential/Group Housing,Ahmedabad
PR/GJ/AHMEDABAD/AHMADABAD CITY/AUDA/RAA00320/041017,ANUTHAM,Residential/Group Housing,Ahmedabad
PR/GJ/AHMEDABAD/AHMADABAD CITY/AUDA/CAA00321/041017,Nobles Trade Centre,Commercial,Ahmedabad
PR/GJ/AHMEDABAD/AHMADABAD CITY/AUDA/MAA00322/041017,RAJYASH REEVA,Mixed Development,Ahmedabad
PR/GJ/AHMEDABAD/AHMADABAD CITY/AUDA/RAA00323/041017,Takshashila East End,Residential/Group Housing,Ahmedabad
PR/GJ/SURAT/SURAT CITY/SUDA/MAA00324/041017,SANGINI SWARAJ,Mixed Development,Surat
PR/GJ/SURAT/SURAT CITY/SUDA/RAA00325/041017,SHUBH RESIDENCY,Residential/Group Housing,Surat
PR/GJ/SURAT/SURAT CITY/SUDA/RAA00326/041017,MANTRA LUXURIA,Residential/Group Housing,Surat
PR/GJ/SURAT/SURAT CITY/SUDA/RAA00327/041017,SATYAM RESIDENCY,Residential/Group Housing,Surat
PR/GJ/SURAT/SURAT CITY/SUDA/MAA00328/041017,Kinghood reality (CASA KING),Mixed Development,Surat
PR/GJ/SURAT/KAMREJ/Others/PAA00329/041017,Shiv Residency  ,Plotted Development,Surat
PR/GJ/SURAT/KAMREJ/Others/PAA00330/041017,Shiv Bhakti Residency -A ,Plotted Development,Surat
PR/GJ/SURAT/SURAT CITY/SUDA/MAA00331/041017,Ashwamegh Palace,Mixed Development,Surat
PR/GJ/SURAT/SURAT CITY/SUDA/MAA00332/041017, BLOSSOM PARK,Mixed Development,Surat
PR/GJ/SURAT/KAMREJ/Others/PAA00333/041017,Shiv Bhakti Residency -C,Plotted Development,Surat
PR/GJ/SURAT/KAMREJ/Others/PAA00334/041017,Shiv Dhareshwar Residency,Plotted Development,Surat
PR/GJ/SURAT/KAMREJ/Others/PAA00335/041017,Shiv Pooja Residency  ,Plotted Development,Surat
PR/GJ/AHMEDABAD/AHMADABAD CITY/AUDA/MAA00336/051017,DHARTI EXOTICA,Mixed Development,Ahmedabad
PR/GJ/SURAT/SURAT CITY/SUDA/CAA00337/051017,MILESTONE ELEMENTS,Commercial,Surat
PR/GJ/SURAT/SURAT CITY/SUDA/RAA00338/051017,PIONEER DREAMS ,Residential/Group Housing,Surat
PR/GJ/SURAT/CHORASI/SUDA/CAA00339/051017,SANGINI TEXTILE HUB A,Commercial,Surat
PR/GJ/AHMEDABAD/DASKROI/AUDA/RAA00340/051017,ISCON PLATINUM,Residential/Group Housing,Ahmedabad
PR/GJ/AHMEDABAD/DASKROI/AUDA/CAA00341/051017,SOUTH BOPAL TRADE CENTRE,Commercial,Ahmedabad
PR/GJ/SURAT/SURAT CITY/SUDA/CAA00342/051017,SNS ATRIA,Commercial,Surat
PR/GJ/SURAT/SURAT CITY/SUDA/MAA00343/051017,SUN RESIDENCY,Mixed Development,Surat
PR/GJ/AHMEDABAD/AHMADABAD CITY/AUDA/RAA00344/051017,Vastu Oasis,Residential/Group Housing,Ahmedabad
PR/GJ/GANDHINAGAR/GANDHINAGAR/AUDA/MAA00345/051017,Satyaa Square,Mixed Development,Gandhinagar
PR/GJ/SURAT/SURAT CITY/SUDA/MAA00346/051017,SUN AVENUE,Mixed Development,Surat
PR/GJ/AHMEDABAD/AHMADABAD CITY/AUDA/RAA00347/051017,LAKEVIEW RESIDENCY,Residential/Group Housing,Ahmedabad
PR/GJ/AHMEDABAD/AHMADABAD CITY/AUDA/RAA00348/051017,KRISH ATULYA,Residential/Group Housing,Ahmedabad
PR/GJ/VADODARA/VADODARA/Others/MAA00349/051017,VALLABH VATIKA 2,Mixed Development,Vadodara
PR/GJ/AHMEDABAD/AHMADABAD CITY/AUDA/CAA00350/061017,SUREEL BUSINESS HOUSE,Commercial,Ahmedabad
PR/GJ/AHMEDABAD/AHMADABAD CITY/AUDA/MAA00351/061017,SHUBH ENCLAVE,Mixed Development,Ahmedabad
PR/GJ/AHMEDABAD/AHMADABAD CITY/AUDA/RAA00352/061017,LE JARDIN,Residential/Group Housing,Ahmedabad
PR/GJ/VADODARA/VADODARA/Others/MAA00353/061017,SAMANVAY STATUS 2,Mixed Development,Vadodara
PR/GJ/AHMEDABAD/DASKROI/AUDA/MAA00354/061017,AAYUSH  RESIDENCY,Mixed Development,Ahmedabad
PR/GJ/RAJKOT/RAJKOT/Others/RAA00355/061017,GOL COIN,Residential/Group Housing,Rajkot
PR/GJ/RAJKOT/RAJKOT/Others/CAA00356/061017,Platinum Square,Commercial,Rajkot
PR/GJ/RAJKOT/RAJKOT/Others/RAA00357/061017,SHREE VALLABH,Residential/Group Housing,Rajkot
PR/GJ/SURAT/KAMREJ/SUDA/MAA00358/061017,Alpine Green Velley,Mixed Development,Surat
PR/GJ/VADODARA/VADODARA/Others/RAA00359/061017,BAKERI SWARA,Residential/Group Housing,Vadodara
PR/GJ/AHMEDABAD/AHMADABAD CITY/AUDA/RAA00360/061017,Samapd Foresta,Residential/Group Housing,Ahmedabad
PR/GJ/AHMEDABAD/SANAND/AUDA/PAA00361/061017,KALHAAR BLUES & GREENS (KBG),Plotted Development,Ahmedabad
PR/GJ/AHMEDABAD/DASKROI/Others/RAA00362/061017,PURE BY SANGATH IPL,Residential/Group Housing,Ahmedabad
PR/GJ/SURAT/SURAT CITY/SUDA/RAA00363/061017,GOLDEN HEAVEN,Residential/Group Housing,Surat
PR/GJ/RAJKOT/RAJKOT/Others/RAA00364/071017,VASANT KUNJ ,Residential/Group Housing,Rajkot
PR/GJ/VADODARA/VADODARA/Others/RAA00365/071017,RUDRAKSH RIVERA,Residential/Group Housing,Vadodara
PR/GJ/VADODARA/VADODARA/Others/RAA00366/071017,SAIRANG HEIGHTS,Residential/Group Housing,Vadodara
PR/GJ/VADODARA/VADODARA/Others/MAA00367/071017,PARAM AVENUE,Mixed Development,Vadodara
PR/GJ/VADODARA/VADODARA/Others/MAA00368/071017,PARAM GREENS,Mixed Development,Vadodara
PR/GJ/VADODARA/VADODARA/Others/MAA00369/071017,PARAM,Mixed Development,Vadodara
PR/GJ/SURAT/SURAT CITY/SUDA/RAA00370/071017,HEAVENLY HEIGHTS,Residential/Group Housing,Surat
PR/GJ/AHMEDABAD/DASKROI/AUDA/MAA00371/071017,DEVAM RESIDENCY,Mixed Development,Ahmedabad
PR/GJ/VADODARA/VADODARA/Others/CAA00372/071017,Pinnacle Business Park,Commercial,Vadodara
PR/GJ/VADODARA/VADODARA/Others/MAA00373/071017,ANANTAM RESIDENCY,Mixed Development,Vadodara
PR/GJ/VADODARA/VADODARA/Others/MAA00374/071017,VRUND VILLA ,Mixed Development,Vadodara
PR/GJ/VADODARA/VADODARA/Others/MAA00375/071017,ARISTO,Mixed Development,Vadodara
PR/GJ/VADODARA/VADODARA/Others/RAA00376/071017,SHIV Duplex,Residential/Group Housing,Vadodara
PR/GJ/VALSAD/PARDI/Others/RAA00377/071017,Tapovan Residency Appartment,Residential/Group Housing,Valsad
PR/GJ/VADODARA/VADODARA/Others/RAA00378/071017,San Lucas Phase 1,Residential/Group Housing,Vadodara
PR/GJ/VADODARA/VADODARA/Others/MAA00379/071017,Samanvay Sequence,Mixed Development,Vadodara
PR/GJ/VADODARA/VADODARA/Others/MAA00380/091017,Infinity Arcade,Mixed Development,Vadodara
PR/GJ/AHMEDABAD/AHMADABAD CITY/AUDA/RAA00381/091017,KADAM-24,Residential/Group Housing,Ahmedabad
PR/GJ/SURAT/SURAT CITY/SUDA/CAA00382/091017,THE WORLD,Commercial,Surat
PR/GJ/SURAT/SURAT CITY/SUDA/CAA00383/091017,Milestone Vibrant,Commercial,Surat
PR/GJ/AHMEDABAD/AHMADABAD CITY/AUDA/RAA00384/091017,Malati Appartment,Residential/Group Housing,Ahmedabad
PR/GJ/SURAT/SURAT CITY/SUDA/RAA00385/091017,RAMESHWARAM DEVBHOOMI,Residential/Group Housing,Surat
PR/GJ/SURAT/SURAT CITY/SUDA/MAA00386/091017,SAI PUJAN RESIDENCY,Mixed Development,Surat
PR/GJ/VADODARA/VADODARA/Others/MAA00387/091017,SAMANVAY STATUS,Mixed Development,Vadodara
PR/GJ/GANDHINAGAR/GANDHINAGAR/AUDA/RAA00388/091017,Reflections,Residential/Group Housing,Gandhinagar
PR/GJ/SURAT/SURAT CITY/SUDA/MAA00389/091017,ANUPAM HEIGHTS,Mixed Development,Surat
PR/GJ/SURAT/SURAT CITY/SUDA/CAA00390/091017,STAR AYODHYA TEXTILE MARKET,Commercial,Surat
PR/GJ/AHMEDABAD/DASKROI/AUDA/MAA00391/091017,Kavisha Celebrations,Mixed Development,Ahmedabad
PR/GJ/VADODARA/VADODARA/Others/MAA00392/091017,RUDRAKSH BLISS,Mixed Development,Vadodara
PR/GJ/VADODARA/VADODARA/Others/MAA00393/091017,YOGI RESIDENCY,Mixed Development,Vadodara
PR/GJ/AHMEDABAD/AHMADABAD CITY/AUDA/RAA00394/101017,RATNARAJ CLASSIC,Residential/Group Housing,Ahmedabad
PR/GJ/VADODARA/VADODARA/Others/RAA00395/101017,"Lavanya Banglows Phase-1 (Tena. No. 1 to 61, 145 to 166)",Residential/Group Housing,Vadodara
PR/GJ/AHMEDABAD/AHMADABAD CITY/AUDA/RAA00396/101017,Prabhuvan Residency,Residential/Group Housing,Ahmedabad
PR/GJ/AHMEDABAD/AHMADABAD CITY/AUDA/RAA00397/101017,PALAK ELINA,Residential/Group Housing,Ahmedabad
PR/GJ/AHMEDABAD/AHMADABAD CITY/AUDA/RAA00398/101017,DEV PARIVESH,Residential/Group Housing,Ahmedabad
PR/GJ/AHMEDABAD/AHMEDABAD CITY/AUDA/MAA00399/111017,VRUNDAVAN PEARL,Mixed Development,Ahmedabad
PR/GJ/AHMEDABAD/DASKROI/AUDA/RAA00400/111017,K3 BUNGLOWS,Residential/Group Housing,Ahmedabad
PR/GJ/VADODARA/VADODARA/Others/RAA00401/111017,SAHJANAND DUPLEX,Residential/Group Housing,Vadodara
PR/GJ/AHMEDABAD/AHMEDABAD CITY/AUDA/CAA00402/111017,I theaddress,Commercial,Ahmedabad
PR/GJ/AHMEDABAD/AHMEDABAD CITY/AUDA/MAA00403/111017,Prerna Rajvi Alpines,Mixed Development,Ahmedabad
PR/GJ/VALSAD/PARDI/Others/MAA00404/111017,Lake Paraside,Mixed Development,Valsad
PR/GJ/AHMEDABAD/AHMEDABAD CITY/AUDA/CAA00405/111017,BINORI BSQUARE1,Commercial,Ahmedabad
PR/GJ/AHMEDABAD/AHMEDABAD CITY/AUDA/MAA00406/111017,RAJYASH REVIRIUM,Mixed Development,Ahmedabad
PR/GJ/AHMEDABAD/DASKROI/AUDA/MAA00407/111017,SIDDHI ELEGANT,Mixed Development,Ahmedabad
PR/GJ/AHMEDABAD/DASKROI/AUDA/RAA00408/111017,AMBITION,Residential/Group Housing,Ahmedabad
PR/GJ/AHMEDABAD/AHMEDABAD CITY/AUDA/CAA00409/111017,"""the capital""",Commercial,Ahmedabad
PR/GJ/GANDHINAGAR/GANDHINAGAR/AUDA/MAA00410/111017,Gala Celestia ,Mixed Development,Gandhinagar
PR/GJ/SURAT/SURAT CITY/SUDA/RAA00411/111017,"ANTLIA DREAM (Block- A, B & G)",Residential/Group Housing,Surat
PR/GJ/AHMEDABAD/AHMEDABAD CITY/AUDA/MAA00412/111017,SHARAN CIRCLE HOMES,Mixed Development,Ahmedabad
PR/GJ/AHMEDABAD/AHMEDABAD CITY/AUDA/RAA00413/111017,GALAXY SPECIA,Residential/Group Housing,Ahmedabad
PR/GJ/AHMEDABAD/DASKROI/AUDA/RAA00414/111017,SHREE RAM HEIGHTS,Residential/Group Housing,Ahmedabad
PR/GJ/GANDHINAGAR/GANDHINAGAR/AUDA/RAA00415/121017,SHIKHAR ELEGANCE,Residential/Group Housing,Gandhinagar
PR/GJ/AHMEDABAD/AHMEDABAD CITY/AUDA/RAA00416/121017,BELVISTA,Residential/Group Housing,Ahmedabad
PR/GJ/RAJKOT/RAJKOT/Others/RAA00417/121017,SHYAMAL VATIKA,Residential/Group Housing,Rajkot
PR/GJ/RAJKOT/RAJKOT/Others/RAA00418/121017,SHILPAN ONYX ( PHASE 2),Residential/Group Housing,Rajkot
PR/GJ/AHMEDABAD/DASKROI/AUDA/RAA00419/121017,Akash Grand City,Residential/Group Housing,Ahmedabad
PR/GJ/AHMEDABAD/AHMEDABAD CITY/AUDA/MAA00420/121017,SIDDHI HEIGHTS,Mixed Development,Ahmedabad
PR/GJ/RAJKOT/RAJKOT/Others/CAA00421/121017,THE IMPERIA,Commercial,Rajkot
PR/GJ/AHMEDABAD/AHMEDABAD CITY/AUDA/MAA00422/121017,PAVITRA ENCLAVE,Mixed Development,Ahmedabad
PR/GJ/AHMEDABAD/AHMEDABAD CITY/AUDA/RAA00423/121017,"MARUTI VILLA (Block- A, B, C, D)",Residential/Group Housing,Ahmedabad
PR/GJ/VADODARA/VADODARA/Others/RAA00424/121017,Siddhi Marvellas,Residential/Group Housing,Vadodara
PR/GJ/AHMEDABAD/AHMEDABAD CITY/AUDA/MAA00425/131017,KALASH ENCLAVE,Mixed Development,Ahmedabad
PR/GJ/AHMEDABAD/AHMEDABAD CITY/AUDA/RAA00426/131017,SARJANVILLA BUNGLOWS,Residential/Group Housing,Ahmedabad
PR/GJ/AHMEDABAD/DASKROI/AUDA/RAA00427/131017,Swati Florence,Residential/Group Housing,Ahmedabad
PR/GJ/AHMEDABAD/AHMEDABAD CITY/AUDA/RAA00428/131017,Indraprasth Gulmohar,Residential/Group Housing,Ahmedabad
PR/GJ/AHMEDABAD/DASKROI/AUDA/MAA00429/131017,Shrinand City 10,Mixed Development,Ahmedabad
PR/GJ/AHMEDABAD/AHMEDABAD CITY/AUDA/RAA00430/131017,KARNAVATI ENCLAVE,Residential/Group Housing,Ahmedabad
PR/GJ/AHMEDABAD/AHMEDABAD CITY/AUDA/RAA00431/131017,AKASH PARISAR,Residential/Group Housing,Ahmedabad
PR/GJ/AHMEDABAD/AHMEDABAD CITY/AUDA/RAA00432/131017,Emerald Apartment,Residential/Group Housing,Ahmedabad
PR/GJ/AHMEDABAD/AHMEDABAD CITY/AUDA/RAA00433/131017,AKSHARDEEP,Residential/Group Housing,Ahmedabad
PR/GJ/SURAT/SURAT CITY/SUDA/CAA00434/131017,V-3 CORNER,Commercial,Surat
PR/GJ/GANDHINAGAR/GANDHINAGAR/AUDA/RAA00435/131017,AATREY TULIPS,Residential/Group Housing,Gandhinagar
PR/GJ/AHMEDABAD/AHMEDABAD CITY/AUDA/CAA00436/131017,AATREY RUDRA BUSINESS HUB,Commercial,Ahmedabad
PR/GJ/AHMEDABAD/AHMEDABAD CITY/AUDA/RAA00437/131017,Royale Jardine,Residential/Group Housing,Ahmedabad
PR/GJ/GANDHINAGAR/KALOL/AUDA/RAA00438/131017,EWS Housing ,Residential/Group Housing,Gandhinagar
PR/GJ/GANDHINAGAR/GANDHINAGAR/AUDA/MAA00439/131017,EWS Aawas ,Mixed Development,Gandhinagar
PR/GJ/GANDHINAGAR/GANDHINAGAR/AUDA/MAA00440/131017,SAMANVAY RESIDENCY,Mixed Development,Gandhinagar
PR/GJ/GANDHINAGAR/DEHGAM/AUDA/MAA00441/131017,EWS Aawas,Mixed Development,Gandhinagar
PR/GJ/AHMEDABAD/AHMEDABAD CITY/AUDA/RAA00442/141017,Vrindavan F to J,Residential/Group Housing,Ahmedabad
PR/GJ/AHMEDABAD/AHMEDABAD CITY/AUDA/RAA00443/141017,KARNAVATI PREMIER LIVING,Residential/Group Housing,Ahmedabad
PR/GJ/AHMEDABAD/AHMEDABAD CITY/AUDA/RAA00444/141017,Sudama Homes 2,Residential/Group Housing,Ahmedabad
PR/GJ/AHMEDABAD/AHMEDABAD CITY/AUDA/CAA00445/141017,NORTH PLAZA,Commercial,Ahmedabad
PR/GJ/AHMEDABAD/AHMEDABAD CITY/AUDA/MAA00446/141017,Ramvilla Appts & Raw House Duplex,Mixed Development,Ahmedabad
PR/GJ/AHMEDABAD/AHMEDABAD CITY/AUDA/RAA00447/141017,MAGNOLIA RESIDENCY,Residential/Group Housing,Ahmedabad
PR/GJ/RAJKOT/RAJKOT/Others/MAA00448/141017,PMAY EWS- II,Mixed Development,Rajkot
PR/GJ/RAJKOT/RAJKOT/Others/MAA00449/141017,PMAY EWS- I,Mixed Development,Rajkot
PR/GJ/AHMEDABAD/SANAND/AUDA/RAA00450/141017,RIVIERA GREENS ROW HOUSE,Residential/Group Housing,Ahmedabad
PR/GJ/AHMEDABAD/AHMEDABAD CITY/AUDA/MAA00451/141017,Nirman Rejoice,Mixed Development,Ahmedabad
PR/GJ/AHMEDABAD/AHMEDABAD CITY/AUDA/CAA00452/141017,GANESH IMPERIAL,Commercial,Ahmedabad
PR/GJ/AHMEDABAD/AHMEDABAD CITY/AUDA/CAA00453/141017,SHAIVAL IMPERIA,Commercial,Ahmedabad
PR/GJ/AHMEDABAD/AHMEDABAD CITY/AUDA/RAA00454/141017,KALPVRIKSH,Residential/Group Housing,Ahmedabad
PR/GJ/GANDHINAGAR/KALOL/AUDA/RAA00455/141017,SUPER CITY PHASE 2  DREAM,Residential/Group Housing,Gandhinagar
PR/GJ/AHMEDABAD/AHMEDABAD CITY/AUDA/RAA00456/141017,Unique Aashiyana,Residential/Group Housing,Ahmedabad
PR/GJ/AHMEDABAD/AHMEDABAD CITY/AUDA/RAA00457/141017,ROYAL ELEGANCE,Residential/Group Housing,Ahmedabad
PR/GJ/SURAT/SURAT CITY/SUDA/PAA00458/161017,Shiv Dhara Residency,Plotted Development,Surat
PR/GJ/SURAT/SURAT CITY/SUDA/RAA00459/161017,SAUNDARYA PALACE,Residential/Group Housing,Surat
PR/GJ/SURAT/SURAT CITY/SUDA/CAA00460/161017,D R INDIA TEXTILE HUB,Commercial,Surat
PR/GJ/SURAT/SURAT CITY/SUDA/MAA00461/161017,SUNDAY RESIDENCY Phase 3,Mixed Development,Surat
PR/GJ/SURAT/SURAT CITY/SUDA/CAA00462/161017,SUNDAY HUB,Commercial,Surat
PR/GJ/SURAT/SURAT CITY/SUDA/RAA00463/161017,VIKAS DHARA HOME,Residential/Group Housing,Surat
PR/GJ/SURAT/SURAT CITY/SUDA/RAA00464/161017,SUNDAY LAGOON,Residential/Group Housing,Surat
PR/GJ/AHMEDABAD/AHMEDABAD CITY/AUDA/CAA00465/161017,BINORI BSQUARE2,Commercial,Ahmedabad
PR/GJ/AHMEDABAD/AHMEDABAD CITY/AUDA/RAA00466/161017,TULSI RESIDENCY,Residential/Group Housing,Ahmedabad
PR/GJ/AHMEDABAD/AHMEDABAD CITY/AUDA/CAA00467/161017,SITARAM INDUSTRIAL HUB,Commercial,Ahmedabad
PR/GJ/AHMEDABAD/SANAND/AUDA/MAA00468/161017,KRUPAL BACHPAN,Mixed Development,Ahmedabad
PR/GJ/AHMEDABAD/AHMEDABAD CITY/AUDA/CAA00469/161017,PATRON,Commercial,Ahmedabad
PR/GJ/AHMEDABAD/AHMEDABAD CITY/AUDA/RAA00470/161017,Aarav Arise,Residential/Group Housing,Ahmedabad
PR/GJ/GANDHINAGAR/GANDHINAGAR/AUDA/MAA00471/161017,SHYAMVED SAPPHIRE,Mixed Development,Gandhinagar
PR/GJ/AHMEDABAD/AHMEDABAD CITY/AUDA/MAA00472/161017,SHREEHARI NIVAS,Mixed Development,Ahmedabad
PR/GJ/AHMEDABAD/DASKROI/AUDA/RAA00473/161017,SHREE RAM HOMES,Residential/Group Housing,Ahmedabad
PR/GJ/AHMEDABAD/AHMEDABAD CITY/AUDA/CAA00474/161017,CITY CENTER-II,Commercial,Ahmedabad
PR/GJ/AHMEDABAD/AHMEDABAD CITY/AUDA/RAA00475/161017,Aamrakunj Gracia,Residential/Group Housing,Ahmedabad
PR/GJ/AHMEDABAD/SANAND/AUDA/RAA00476/161017,STANZA,Residential/Group Housing,Ahmedabad
PR/GJ/SURAT/SURAT CITY/SUDA/CAA00477/161017,SAKET TEXTILE MARKET,Commercial,Surat
PR/GJ/AHMEDABAD/AHMEDABAD CITY/AUDA/CAA00478/161017,SHIVALIK SHILP II,Commercial,Ahmedabad
PR/GJ/AHMEDABAD/AHMEDABAD CITY/AUDA/CAA00479/171017,Ganesh Glory,Commercial,Ahmedabad
PR/GJ/AHMEDABAD/AHMEDABAD CITY/AUDA/MAA00480/171017,SAVVY STUDIOZ,Mixed Development,Ahmedabad
PR/GJ/AHMEDABAD/AHMEDABAD CITY/AUDA/CAA00481/171017,HIR ASHA ARCADE,Commercial,Ahmedabad
PR/GJ/AHMEDABAD/SANAND/AUDA/RAA00482/171017,APPLEWOODS VILLAS,Residential/Group Housing,Ahmedabad
PR/GJ/AHMEDABAD/AHMEDABAD CITY/AUDA/RAA00483/171017,PARIJAT,Residential/Group Housing,Ahmedabad
PR/GJ/AHMEDABAD/AHMEDABAD CITY/AUDA/CAA00484/171017,SHUBHAM INDUSTRIAL PARK,Commercial,Ahmedabad
PR/GJ/AHMEDABAD/AHMEDABAD CITY/AUDA/RAA00485/171017,Swagat Bunglows,Residential/Group Housing,Ahmedabad
PR/GJ/AHMEDABAD/AHMEDABAD CITY/AUDA/RAA00486/171017,AAGAM APARTMENTS,Residential/Group Housing,Ahmedabad
PR/GJ/AHMEDABAD/AHMEDABAD CITY/AUDA/RAA00487/171017,Satyam Bungalows,Residential/Group Housing,Ahmedabad
PR/GJ/AHMEDABAD/DASKROI/AUDA/MAA00488/171017,Sahyog Residency,Mixed Development,Ahmedabad
PR/GJ/AHMEDABAD/DASKROI/AUDA/MAA00489/171017,Sahajanand Avenue,Mixed Development,Ahmedabad
PR/GJ/AHMEDABAD/AHMEDABAD CITY/AUDA/RAA00490/171017,DIWALI ELEGANCE,Residential/Group Housing,Ahmedabad
PR/GJ/AHMEDABAD/AHMEDABAD CITY/AUDA/MAA00491/171017,AAROHI ELYSIUM,Mixed Development,Ahmedabad
PR/GJ/AHMEDABAD/AHMEDABAD CITY/AUDA/CAA00492/171017,SHILP APERIA,Commercial,Ahmedabad
PR/GJ/AHMEDABAD/AHMEDABAD CITY/AUDA/RAA00493/171017,SAVVY SWARAAJ PRAGATI PH-2C,Residential/Group Housing,Ahmedabad
PR/GJ/AHMEDABAD/AHMEDABAD CITY/AUDA/MAA00494/171017,SAMYAK GALAXY,Mixed Development,Ahmedabad
PR/GJ/RAJKOT/RAJKOT/Others/RAA00495/181017,Gol Trio,Residential/Group Housing,Rajkot
PR/GJ/AHMEDABAD/AHMEDABAD CITY/AUDA/MAA00496/181017,Star Heights,Mixed Development,Ahmedabad
PR/GJ/AHMEDABAD/AHMEDABAD CITY/AUDA/RAA00497/181017,SAVVY SWARAAJ PRAGATI PH-2-2A,Residential/Group Housing,Ahmedabad
PR/GJ/AHMEDABAD/AHMEDABAD CITY/AUDA/RAA00498/181017,SAVVY SWARAAJ PRAGATI PH-2B,Residential/Group Housing,Ahmedabad
PR/GJ/SURAT/KAMREJ/SUDA/MAA00499/181017,TORAL RESIDENCY,Mixed Development,Surat
PR/GJ/AHMEDABAD/DASKROI/AUDA/MAA00500/181017,Signature Pride,Mixed Development,Ahmedabad
PR/GJ/AHMEDABAD/AHMEDABAD CITY/AUDA/CAA00501/181017,Indraprasth Business Park,Commercial,Ahmedabad
PR/GJ/AHMEDABAD/AHMEDABAD CITY/AUDA/RAA00502/181017,ELYSIUM ARISE,Residential/Group Housing,Ahmedabad
PR/GJ/GANDHINAGAR/GANDHINAGAR/Others/MAA00503/181017,CAPITOL FLORA  AND CAPITOL ICON 2,Mixed Development,Gandhinagar
PR/GJ/AHMEDABAD/AHMEDABAD CITY/AUDA/MAA00504/181017,SARAL RESIDENCY,Mixed Development,Ahmedabad
PR/GJ/AHMEDABAD/AHMEDABAD CITY/AUDA/RAA00505/181017,JALDEEP  ICON,Residential/Group Housing,Ahmedabad
PR/GJ/GANDHINAGAR/GANDHINAGAR/AUDA/RAA00506/181017,ANUSTHAN HOMES,Residential/Group Housing,Gandhinagar
PR/GJ/GANDHINAGAR/KALOL/AUDA/RAA00507/181017,SUPER CITY PHASE 2 HONOUR,Residential/Group Housing,Gandhinagar
PR/GJ/AHMEDABAD/AHMEDABAD CITY/AUDA/RAA00508/181017,SHUBHALAY,Residential/Group Housing,Ahmedabad
PR/GJ/AHMEDABAD/AHMEDABAD CITY/AUDA/MAA00509/181017,SARAL HEIGHTS,Mixed Development,Ahmedabad
PR/GJ/AHMEDABAD/AHMEDABAD CITY/AUDA/RAA00510/181017,Unique Aashiyana Phase-1,Residential/Group Housing,Ahmedabad
PR/GJ/AHMEDABAD/AHMEDABAD CITY/AUDA/CAA00511/231017,SHRADDHA INDUSTRIAL PARK-2,Commercial,Ahmedabad
PR/GJ/AHMEDABAD/AHMEDABAD CITY/AUDA/RAA00512/231017,Maple Greens Residency,Residential/Group Housing,Ahmedabad
PR/GJ/AHMEDABAD/AHMEDABAD CITY/AUDA/RAA00513/231017,Skydeck Select,Residential/Group Housing,Ahmedabad
PR/GJ/AHMEDABAD/AHMEDABAD CITY/AUDA/CAA00514/231017,Sparsh Arcade,Commercial,Ahmedabad
PR/GJ/AHMEDABAD/AHMEDABAD CITY/AUDA/RAA00515/231017,Ganesh Genesis,Residential/Group Housing,Ahmedabad
PR/GJ/AHMEDABAD/AHMEDABAD CITY/AUDA/RAA00516/231017,Alok Heights,Residential/Group Housing,Ahmedabad
PR/GJ/VADODARA/VADODARA/Others/RAA00517/231017,Mangla Majesty,Residential/Group Housing,Vadodara
PR/GJ/AHMEDABAD/DASKROI/AUDA/CAA00518/231017,DARSHAN INDUSTRIAL PARK,Commercial,Ahmedabad
PR/GJ/KHEDA/MEHMEDABAD/AUDA/MAA00519/231017,Krishna Park,Mixed Development,Kheda
PR/GJ/AHMEDABAD/AHMEDABAD CITY/AUDA/CAA00520/241017,SIVANTA ONE,Commercial,Ahmedabad
PR/GJ/AHMEDABAD/AHMEDABAD CITY/AUDA/MAA00521/241017,Aries Heights,Mixed Development,Ahmedabad
PR/GJ/AHMEDABAD/AHMEDABAD CITY/AUDA/MAA00522/241017,ALEEZA PARK & BUSINESS CENTER,Mixed Development,Ahmedabad
PR/GJ/GANDHINAGAR/GANDHINAGAR/Others/RAA00523/251017,VINAYAK LIFESTYLE,Residential/Group Housing,Gandhinagar
PR/GJ/AHMEDABAD/AHMEDABAD CITY/AUDA/MAA00524/251017,Shrim Leela,Mixed Development,Ahmedabad
PR/GJ/AHMEDABAD/AHMEDABAD CITY/AUDA/MAA00525/251017,OMKAR LOTUS,Mixed Development,Ahmedabad
PR/GJ/AHMEDABAD/AHMEDABAD CITY/AUDA/RAA00526/251017,SUPAN SOLITAIRE,Residential/Group Housing,Ahmedabad
PR/GJ/AHMEDABAD/AHMEDABAD CITY/AUDA/MAA00527/251017,Purple Patch,Mixed Development,Ahmedabad
PR/GJ/AHMEDABAD/DASKROI/AUDA/RAA00528/251017,JALDEEP VERTEX,Residential/Group Housing,Ahmedabad
PR/GJ/VADODARA/VADODARA/Others/RAA00529/251017,"Mangla Greens (Tower No. A-7 to A-13, B-8, 9, 20, 21)",Residential/Group Housing,Vadodara
PR/GJ/VADODARA/VADODARA/Others/MAA00530/251017,"Mangla Marvel (Tower No. A-1 to A-5, Shop No. 1 to 40)",Mixed Development,Vadodara
PR/GJ/SURAT/SURAT CITY/SUDA/RAA00531/251017,River Front Tower,Residential/Group Housing,Surat
PR/GJ/RAJKOT/RAJKOT/Others/RAA00532/261017,SATYAJEET SOPAN,Residential/Group Housing,Rajkot
PR/GJ/RAJKOT/RAJKOT/Others/RAA00533/261017,SAVAN STATUS,Residential/Group Housing,Rajkot
PR/GJ/AHMEDABAD/AHMEDABAD CITY/AUDA/RAA00534/261017,RADHE RESIDENCY,Residential/Group Housing,Ahmedabad
PR/GJ/GANDHINAGAR/GANDHINAGAR/Others/RAA00535/261017,GANESH CITADEL,Residential/Group Housing,Gandhinagar
PR/GJ/AHMEDABAD/DASKROI/AUDA/RAA00536/261017,PALASH RESIDENCES,Residential/Group Housing,Ahmedabad
PR/GJ/AHMEDABAD/AHMEDABAD CITY/AUDA/RAA00537/261017,Tulsi Status,Residential/Group Housing,Ahmedabad
PR/GJ/AHMEDABAD/AHMEDABAD CITY/AUDA/MAA00538/261017,Yash Flora,Mixed Development,Ahmedabad
PR/GJ/AHMEDABAD/AHMEDABAD CITY/AUDA/CAA00539/261017,VRAJ VALENCIA,Commercial,Ahmedabad
PR/GJ/RAJKOT/RAJKOT/Others/RAA00540/261017,SITARA HEIGHT,Residential/Group Housing,Rajkot
PR/GJ/RAJKOT/RAJKOT/Others/CAA00541/261017,KOPPER ARCADE - 2,Commercial,Rajkot
PR/GJ/AHMEDABAD/AHMEDABAD CITY/AUDA/RAA00542/261017,RADHE RESIDENCY-II,Residential/Group Housing,Ahmedabad
PR/GJ/RAJKOT/RAJKOT/Others/RAA00543/261017,SHREE SIDDHIVINAYAK ELEGANCE,Residential/Group Housing,Rajkot
PR/GJ/AHMEDABAD/AHMEDABAD CITY/AUDA/CAA00544/271017,Siddhi Vinayak Arcade,Commercial,Ahmedabad
PR/GJ/RAJKOT/RAJKOT/Others/RAA00545/271017,ISHVAR HEIGHTS,Residential/Group Housing,Rajkot
PR/GJ/AHMEDABAD/AHMEDABAD CITY/AUDA/RAA00546/271017,Shivalik Sharda Park View,Residential/Group Housing,Ahmedabad
PR/GJ/RAJKOT/RAJKOT/Others/RAA00547/271017,White heaven,Residential/Group Housing,Rajkot
PR/GJ/AHMEDABAD/AHMEDABAD CITY/AUDA/CAA00548/271017,Dynasty,Commercial,Ahmedabad
PR/GJ/RAJKOT/RAJKOT/Others/RAA00549/271017,RUKSHMANI HEIGHTS,Residential/Group Housing,Rajkot
PR/GJ/AHMEDABAD/AHMEDABAD CITY/AUDA/MAA00550/271017,Aditi Elite ,Mixed Development,Ahmedabad
PR/GJ/AHMEDABAD/AHMEDABAD CITY/AUDA/RAA00551/271017,SATVA HOMES 2,Residential/Group Housing,Ahmedabad
PR/GJ/AHMEDABAD/AHMEDABAD CITY/AUDA/MAA00552/271017,SHYAM HEIGHTS,Mixed Development,Ahmedabad
PR/GJ/GANDHINAGAR/KALOL/AUDA/MAA00553/271017,PANCHAMRUT ,Mixed Development,Gandhinagar
PR/GJ/AHMEDABAD/AHMEDABAD CITY/AUDA/RAA00554/301017,AMWAAJ,Residential/Group Housing,Ahmedabad
PR/GJ/VALSAD/PARDI/Others/MAA00555/301017,Rama Residency,Mixed Development,Valsad
PR/GJ/AHMEDABAD/AHMEDABAD CITY/AUDA/CAA00556/301017,RATNA ARTEMUS,Commercial,Ahmedabad
PR/GJ/AHMEDABAD/AHMEDABAD CITY/AUDA/RAA00557/301017,MADHAV RAJ,Residential/Group Housing,Ahmedabad
PR/GJ/AHMEDABAD/DASKROI/AUDA/MAA00558/301017,FLORA IXORA,Mixed Development,Ahmedabad
PR/GJ/AHMEDABAD/AHMEDABAD CITY/AUDA/MAA00559/301017,RADHEY HEIGHTS,Mixed Development,Ahmedabad
PR/GJ/AHMEDABAD/AHMEDABAD CITY/AUDA/RAA00560/301017,SHARANYA BELLEVUE,Residential/Group Housing,Ahmedabad
PR/GJ/SURAT/SURAT CITY/SUDA/CAA00561/301017,BELLISSIMO HUB,Commercial,Surat
PR/GJ/AHMEDABAD/AHMEDABAD CITY/AUDA/CAA00562/011117,FORTUNE BUSINESS HUB,Commercial,Ahmedabad
PR/GJ/AHMEDABAD/AHMEDABAD CITY/AUDA/RAA00563/011117,SHAHIBAUG GREENS,Residential/Group Housing,Ahmedabad
PR/GJ/SURAT/SURAT CITY/SUDA/CAA00564/011117,OM ARCADE,Commercial,Surat
PR/GJ/AHMEDABAD/AHMEDABAD CITY/AUDA/MAA00565/011117,ANAND SAPPHIRE,Mixed Development,Ahmedabad
PR/GJ/AHMEDABAD/AHMEDABAD CITY/AUDA/RAA00566/011117,SAMPADA ENCLAVE,Residential/Group Housing,Ahmedabad
PR/GJ/BHARUCH/BHARUCH/Others/RAA00567/011117,AADIL AVENUE 2,Residential/Group Housing,Bharuch
PR/GJ/AHMEDABAD/AHMEDABAD CITY/AUDA/CAA00568/011117,SHIVALIK SQUARE,Commercial,Ahmedabad
PR/GJ/AHMEDABAD/AHMEDABAD CITY/AUDA/RAA00569/011117,Mann-5 Avenue,Residential/Group Housing,Ahmedabad
PR/GJ/AHMEDABAD/AHMEDABAD CITY/AUDA/RAA00570/011117,ADITYA ANTRIX,Residential/Group Housing,Ahmedabad
PR/GJ/AHMEDABAD/AHMEDABAD CITY/AUDA/RAA00571/011117,ARSHAD MERIDIAN,Residential/Group Housing,Ahmedabad
PR/GJ/GANDHINAGAR/GANDHINAGAR/AUDA/RAA00572/011117,SILICON HEIGHTS,Residential/Group Housing,Gandhinagar
PR/GJ/AHMEDABAD/AHMEDABAD CITY/AUDA/MAA00573/021117,DEV ATELIER,Mixed Development,Ahmedabad
PR/GJ/AHMEDABAD/AHMEDABAD CITY/AUDA/RAA00574/021117,DEV AURUM,Residential/Group Housing,Ahmedabad
PR/GJ/AHMEDABAD/AHMEDABAD CITY/AUDA/MAA00575/021117,kesar Alanta,Mixed Development,Ahmedabad
PR/GJ/AHMEDABAD/AHMEDABAD CITY/AUDA/RAA00576/021117,"Water Lily Ph-3 (Towers-A6,A7)",Residential/Group Housing,Ahmedabad
PR/GJ/AHMEDABAD/DASKROI/AUDA/RAA00577/021117,"MEADOWS PHASE-3 (TOWER - G,H&I)",Residential/Group Housing,Ahmedabad
PR/GJ/AHMEDABAD/DASKROI/AUDA/RAA00578/021117,Sapphire Bunglows,Residential/Group Housing,Ahmedabad
PR/GJ/AHMEDABAD/AHMEDABAD CITY/AUDA/CAA00579/021117,Aamrakunj Avis,Commercial,Ahmedabad
PR/GJ/VADODARA/VADODARA/Others/MAA00580/021117,Raama Crest,Mixed Development,Vadodara
PR/GJ/AHMEDABAD/AHMEDABAD CITY/AUDA/RAA00581/031117,SHREENAND ELITE,Residential/Group Housing,Ahmedabad
PR/GJ/AHMEDABAD/AHMEDABAD CITY/AUDA/CAA00582/031117,Phoenix,Commercial,Ahmedabad
PR/GJ/VADODARA/VADODARA/Others/RAA00583/031117,RAAMA ETERNIA,Residential/Group Housing,Vadodara
PR/GJ/AHMEDABAD/AHMEDABAD CITY/AUDA/CAA00584/031117,Atishay Prism,Commercial,Ahmedabad
PR/GJ/VADODARA/VADODARA/Others/CAA00585/031117,Raama Icon,Commercial,Vadodara
PR/GJ/VADODARA/VADODARA/Others/RAA00586/031117,Raama Palacio,Residential/Group Housing,Vadodara
PR/GJ/AHMEDABAD/AHMEDABAD CITY/AUDA/RAA00587/031117,ELYSIUM PHASE-2 (TOWER A & I),Residential/Group Housing,Ahmedabad
PR/GJ/BHARUCH/BHARUCH/Others/RAA00588/031117,SHILPI DREAM,Residential/Group Housing,Bharuch
PR/GJ/BHARUCH/BHARUCH/Others/MAA00589/031117,SUNDARAM RESIDENCY ,Mixed Development,Bharuch
PR/GJ/BHARUCH/BHARUCH/Others/MAA00590/031117,SHARNAM RESIDENCY,Mixed Development,Bharuch
PR/GJ/BHARUCH/BHARUCH/Others/RAA00591/031117,SHILPI RESIDENCY ROW HOUSE,Residential/Group Housing,Bharuch
PR/GJ/BHAVNAGAR/BHAVNAGAR/Others/RAA00592/061117,SHANTIKUNJ ,Residential/Group Housing,Bhavnagar
PR/GJ/BHARUCH/BHARUCH/Others/MAA00593/061117,SENTOSA HEIGHTS,Mixed Development,Bharuch
PR/GJ/GANDHINAGAR/GANDHINAGAR/AUDA/MAA00594/061117,SHRINAND FLORA,Mixed Development,Gandhinagar
PR/GJ/AHMEDABAD/AHMEDABAD CITY/AUDA/RAA00595/061117,AVYUKTA,Residential/Group Housing,Ahmedabad
PR/GJ/RAJKOT/PADDHARI/Others/RAA00596/061117,ARPL BUNGALOWS,Residential/Group Housing,Rajkot
PR/GJ/AHMEDABAD/AHMEDABAD CITY/AUDA/CAA00597/061117,323 CORPORATE PARK,Commercial,Ahmedabad
PR/GJ/AHMEDABAD/AHMEDABAD CITY/AUDA/RAA00598/061117,ISHWAR MAGNA,Residential/Group Housing,Ahmedabad
PR/GJ/BHAVNAGAR/BHAVNAGAR/Others/MAA00599/061117,SHIVALAY,Mixed Development,Bhavnagar
PR/GJ/AHMEDABAD/AHMEDABAD CITY/AUDA/RAA00600/061117,LOTUS RESIDENCY,Residential/Group Housing,Ahmedabad
PR/GJ/BHAVNAGAR/BHAVNAGAR/Others/MAA00601/061117,SUKOON 1,Mixed Development,Bhavnagar
PR/GJ/AHMEDABAD/AHMEDABAD CITY/AUDA/PAA00602/061117,VIVEKANAND PLOTTING,Plotted Development,Ahmedabad
PR/GJ/AHMEDABAD/AHMEDABAD CITY/AUDA/CAA00603/061117,KRISH-RUDRAX PROJECTS,Commercial,Ahmedabad
PR/GJ/AHMEDABAD/AHMEDABAD CITY/AUDA/MAA00604/061117,SHALIGRAM PLUS,Mixed Development,Ahmedabad
PR/GJ/SURAT/SURAT CITY/SUDA/CAA00605/061117,Ashirvad Textile Market,Commercial,Surat
PR/GJ/AHMEDABAD/AHMEDABAD CITY/AUDA/RAA00606/061117,KESHAV GALAXY,Residential/Group Housing,Ahmedabad
PR/GJ/AHMEDABAD/AHMEDABAD CITY/AUDA/RAA00607/061117,Panchratna,Residential/Group Housing,Ahmedabad
PR/GJ/RAJKOT/RAJKOT/Others/RAA00608/061117,SHILPAN iCON,Residential/Group Housing,Rajkot
PR/GJ/RAJKOT/RAJKOT/Others/RAA00609/061117,SUNDARAM CITY,Residential/Group Housing,Rajkot
PR/GJ/AHMEDABAD/AHMEDABAD CITY/AUDA/RAA00610/071117,ASHRAY SERENE,Residential/Group Housing,Ahmedabad
PR/GJ/AHMEDABAD/DASKROI/AUDA/RAA00611/071117,"La-marina (Tower-B1, B7, B8)",Residential/Group Housing,Ahmedabad
PR/GJ/AHMEDABAD/AHMEDABAD CITY/AUDA/MAA00612/071117,KAHAN,Mixed Development,Ahmedabad
PR/GJ/AHMEDABAD/AHMEDABAD CITY/AUDA/MAA00613/071117,SATVA GOKUL -1,Mixed Development,Ahmedabad
PR/GJ/AHMEDABAD/AHMEDABAD CITY/AUDA/CAA00614/071117,SATVA PLATINUM,Commercial,Ahmedabad
PR/GJ/AHMEDABAD/AHMEDABAD CITY/AUDA/CAA00615/071117,VIVEKANAND GARMENT PARK,Commercial,Ahmedabad
PR/GJ/AHMEDABAD/AHMEDABAD CITY/AUDA/MAA00616/071117,SILVER BROOK,Mixed Development,Ahmedabad
PR/GJ/AHMEDABAD/DASKROI/AUDA/MAA00617/071117,ELITE GREENS,Mixed Development,Ahmedabad
PR/GJ/GANDHINAGAR/GANDHINAGAR/Others/RAA00618/071117,48 Fortune,Residential/Group Housing,Gandhinagar
PR/GJ/AHMEDABAD/AHMEDABAD CITY/AUDA/CAA00619/071117,Adarsh Gold Industrial Estate,Commercial,Ahmedabad
PR/GJ/AHMEDABAD/AHMEDABAD CITY/AUDA/RAA00620/071117,The Central Park,Residential/Group Housing,Ahmedabad
PR/GJ/AHMEDABAD/AHMEDABAD CITY/AUDA/MAA00621/071117,Shree Sarju Heights,Mixed Development,Ahmedabad
PR/GJ/SURAT/SURAT CITY/SUDA/RAA00622/071117,STATUS,Residential/Group Housing,Surat
PR/GJ/AHMEDABAD/AHMEDABAD CITY/AUDA/RAA00623/071117,ETERNITY,Residential/Group Housing,Ahmedabad
PR/GJ/AHMEDABAD/AHMEDABAD CITY/AUDA/CAA00624/071117,KARNAVATI PLATINUM K9,Commercial,Ahmedabad
PR/GJ/AHMEDABAD/AHMEDABAD CITY/AUDA/MAA00625/071117,Dwarkesh Fragrance,Mixed Development,Ahmedabad
PR/GJ/RAJKOT/RAJKOT/Others/RAA00626/081117,PALM UNIVERSE,Residential/Group Housing,Rajkot
PR/GJ/AHMEDABAD/AHMEDABAD CITY/AUDA/RAA00627/081117,Pratham Residency,Residential/Group Housing,Ahmedabad
PR/GJ/AHMEDABAD/AHMEDABAD CITY/AUDA/MAA00628/081117,Krish Homes - II,Mixed Development,Ahmedabad
PR/GJ/AHMEDABAD/AHMEDABAD CITY/AUDA/CAA00629/081117,ENTICE,Commercial,Ahmedabad
PR/GJ/AHMEDABAD/AHMEDABAD CITY/AUDA/MAA00630/081117,Joyal Gold Heights,Mixed Development,Ahmedabad
PR/GJ/AHMEDABAD/DASKROI/AUDA/MAA00631/081117,Sky Sol,Mixed Development,Ahmedabad
PR/GJ/AHMEDABAD/AHMEDABAD CITY/AUDA/RAA00632/081117,Westridge,Residential/Group Housing,Ahmedabad
PR/GJ/AHMEDABAD/AHMEDABAD CITY/AUDA/RAA00633/081117,SANIDHYA ROYAL,Residential/Group Housing,Ahmedabad
PR/GJ/AHMEDABAD/AHMEDABAD CITY/AUDA/RAA00634/081117,JAY MANGAL RESIDENCY,Residential/Group Housing,Ahmedabad
PR/GJ/AHMEDABAD/AHMEDABAD CITY/AUDA/MAA00635/081117,AKIBAH HEIGHTS,Mixed Development,Ahmedabad
PR/GJ/AHMEDABAD/AHMEDABAD CITY/AUDA/MAA00636/081117,SADGURU LANDMARK,Mixed Development,Ahmedabad
PR/GJ/AHMEDABAD/DASKROI/AUDA/MAA00637/081117,Panchshlok Homes,Mixed Development,Ahmedabad
PR/GJ/AHMEDABAD/AHMEDABAD CITY/AUDA/MAA00638/081117,Pushp Heights,Mixed Development,Ahmedabad
PR/GJ/AHMEDABAD/AHMEDABAD CITY/AUDA/RAA00639/081117,PANCHAM KIMBERLY,Residential/Group Housing,Ahmedabad
PR/GJ/AHMEDABAD/AHMEDABAD CITY/AUDA/CAA00640/081117,KRISH ARCADE,Commercial,Ahmedabad
PR/GJ/SURAT/CHORASI/SUDA/CAA00641/081117,Blue Ski Commerce Square,Commercial,Surat
PR/GJ/AHMEDABAD/AHMEDABAD CITY/AUDA/RAA00642/091117,SHABARI VATIKA,Residential/Group Housing,Ahmedabad
PR/GJ/VALSAD/VALSAD/Others/RAA00643/091117,Kanchanganga,Residential/Group Housing,Valsad
PR/GJ/SURAT/SURAT CITY/SUDA/MAA00644/091117,LIFE STYLE & ULTIMATE,Mixed Development,Surat
PR/GJ/AHMEDABAD/AHMEDABAD CITY/AUDA/RAA00645/091117,Shivalik Residences,Residential/Group Housing,Ahmedabad
PR/GJ/AHMEDABAD/AHMEDABAD CITY/AUDA/RAA00646/091117,SHIVALAY DUPLEX,Residential/Group Housing,Ahmedabad
PR/GJ/AHMEDABAD/AHMEDABAD CITY/AUDA/CAA00647/091117,SHETH CORPORATE TOWER,Commercial,Ahmedabad
PR/GJ/AHMEDABAD/AHMEDABAD CITY/AUDA/RAA00648/091117,AURUM HEIGHTS,Residential/Group Housing,Ahmedabad
PR/GJ/AHMEDABAD/AHMEDABAD CITY/AUDA/CAA00649/091117,MADHAV ORCHID,Commercial,Ahmedabad
PR/GJ/GANDHINAGAR/GANDHINAGAR/AUDA/MAA00650/091117,Shreem Square,Mixed Development,Gandhinagar
PR/GJ/AHMEDABAD/AHMEDABAD CITY/AUDA/RAA00651/091117,SATVA HOMES,Residential/Group Housing,Ahmedabad
PR/GJ/AHMEDABAD/AHMEDABAD CITY/AUDA/MAA00652/091117,Sahjanand Flora,Mixed Development,Ahmedabad
PR/GJ/GANDHINAGAR/GANDHINAGAR/Others/CAA00653/091117,Yash Plaza,Commercial,Gandhinagar
PR/GJ/SURAT/SURAT CITY/SUDA/RAA00654/091117,CELLESTIAL DREAMS,Residential/Group Housing,Surat
PR/GJ/GANDHINAGAR/KALOL/AUDA/RAA00655/091117,Karma Villa,Residential/Group Housing,Gandhinagar
PR/GJ/AHMEDABAD/AHMEDABAD CITY/AUDA/RAA00656/091117,CLASSIC LAKE VIEW TOWER,Residential/Group Housing,Ahmedabad
PR/GJ/AHMEDABAD/DASKROI/AUDA/MAA00657/091117,Shree Lakshminarayan Residency  ,Mixed Development,Ahmedabad
PR/GJ/AHMEDABAD/AHMEDABAD CITY/AUDA/RAA00658/091117,VRAJ ORIANA,Residential/Group Housing,Ahmedabad
PR/GJ/AHMEDABAD/DASKROI/AUDA/MAA00659/101117,SHASHWAT MAHADEV  3 ,Mixed Development,Ahmedabad
PR/GJ/AHMEDABAD/AHMEDABAD CITY/AUDA/RAA00660/101117,VRAJ VILLA,Residential/Group Housing,Ahmedabad
PR/GJ/GANDHINAGAR/GANDHINAGAR/Others/MAA00661/101117,SHREE RANG PLAZA-95,Mixed Development,Gandhinagar
PR/GJ/AHMEDABAD/AHMEDABAD CITY/AUDA/RAA00662/101117,SHALIGRAM PLUSH,Residential/Group Housing,Ahmedabad
PR/GJ/AHMEDABAD/AHMEDABAD CITY/AUDA/MAA00663/101117,SKYLARK APPARTMENT,Mixed Development,Ahmedabad
PR/GJ/AHMEDABAD/AHMEDABAD CITY/AUDA/RAA00664/101117,Ratnaakar Beaumonde,Residential/Group Housing,Ahmedabad
PR/GJ/AHMEDABAD/AHMEDABAD CITY/AUDA/CAA00665/101117,Times Square Arcade - 2,Commercial,Ahmedabad
PR/GJ/AHMEDABAD/DASKROI/AUDA/MAA00666/101117,Sona Akruti,Mixed Development,Ahmedabad
PR/GJ/AHMEDABAD/AHMEDABAD CITY/AUDA/RAA00667/101117,HARI ICON,Residential/Group Housing,Ahmedabad
PR/GJ/AHMEDABAD/AHMEDABAD CITY/AUDA/MAA00668/101117,Pebble Bay Phase 2 ,Mixed Development,Ahmedabad
PR/GJ/AHMEDABAD/AHMEDABAD CITY/AUDA/RAA00669/101117,Classic Highland,Residential/Group Housing,Ahmedabad
PR/GJ/AHMEDABAD/AHMEDABAD CITY/AUDA/CAA00670/101117,SHIVARTH,Commercial,Ahmedabad
PR/GJ/AHMEDABAD/AHMEDABAD CITY/AUDA/RAA00671/101117,Shree Sarju Kutir,Residential/Group Housing,Ahmedabad
PR/GJ/AHMEDABAD/AHMEDABAD CITY/AUDA/MAA00672/101117,GARDEN RESIDENCY II,Mixed Development,Ahmedabad
PR/GJ/GANDHINAGAR/GANDHINAGAR/AUDA/MAA00673/101117,SHALIGRAM LAKEVIEW,Mixed Development,Gandhinagar
PR/GJ/VADODARA/VADODARA/Others/MAA00674/131117,DARSHANAM AVENUE,Mixed Development,Vadodara
PR/GJ/VALSAD/PARDI/Others/CAA00675/131117,CENTRE BAZZAR,Commercial,Valsad
PR/GJ/SURAT/SURAT CITY/SUDA/CAA00676/131117,UNIVERSAL BUSINESS CENTRE ,Commercial,Surat
PR/GJ/AHMEDABAD/AHMEDABAD CITY/AUDA/CAA00677/131117,I SQUARE CORPORATE PARK,Commercial,Ahmedabad
PR/GJ/SURAT/SURAT CITY/SUDA/CAA00678/131117,Milestone Eternis,Commercial,Surat
PR/GJ/AHMEDABAD/DASKROI/AUDA/MAA00679/131117,DHARTI SAKET,Mixed Development,Ahmedabad
PR/GJ/AHMEDABAD/AHMEDABAD CITY/AUDA/MAA00680/131117,Prayosha Paradise,Mixed Development,Ahmedabad
PR/GJ/AHMEDABAD/AHMEDABAD CITY/AUDA/RAA00681/131117,GOVARDHAN GALAXY II,Residential/Group Housing,Ahmedabad
PR/GJ/GANDHINAGAR/GANDHINAGAR/Others/RAA00682/131117,PANCHKUTIR BUNGLOWS,Residential/Group Housing,Gandhinagar
PR/GJ/AHMEDABAD/AHMEDABAD CITY/AUDA/MAA00683/131117,PARIVAR HOMES,Mixed Development,Ahmedabad
PR/GJ/AHMEDABAD/AHMEDABAD CITY/AUDA/MAA00684/131117,NEEL ARCADE AND BUNGLOWS,Mixed Development,Ahmedabad
PR/GJ/AHMEDABAD/AHMEDABAD CITY/AUDA/RAA00685/131117,The Grand Eastern,Residential/Group Housing,Ahmedabad
PR/GJ/AHMEDABAD/AHMEDABAD CITY/AUDA/MAA00686/131117,JAY RESIDENCY,Mixed Development,Ahmedabad
PR/GJ/VADODARA/VADODARA/Others/RAA00687/131117,Keystone Mansions,Residential/Group Housing,Vadodara
PR/GJ/VALSAD/PARDI/Others/MAA00688/131117,SUNGATE RESIDENCY,Mixed Development,Valsad
PR/GJ/VALSAD/PARDI/Others/MAA00689/131117,FORTUNE FLOWERS,Mixed Development,Valsad
PR/GJ/VADODARA/VADODARA/Others/RAA00690/131117,DARSHANAM SPLENDORA,Residential/Group Housing,Vadodara
PR/GJ/VADODARA/VADODARA/Others/CAA00691/141117,One Indiabulls Vadodara,Commercial,Vadodara
PR/GJ/AHMEDABAD/AHMEDABAD CITY/AUDA/RAA00692/141117,SAI STATUS TAGORE RESIDENCY,Residential/Group Housing,Ahmedabad
PR/GJ/GANDHINAGAR/GANDHINAGAR/AUDA/MAA00693/141117,VIVAN 101,Mixed Development,Gandhinagar
PR/GJ/RAJKOT/RAJKOT/Others/RAA00694/141117,DREAM CITY,Residential/Group Housing,Rajkot
PR/GJ/RAJKOT/RAJKOT/Others/RAA00695/141117,DHANANJAY PARADISE,Residential/Group Housing,Rajkot
PR/GJ/VADODARA/VADODARA/Others/RAA00696/141117,NORTHWAY MILLENIUM,Residential/Group Housing,Vadodara
PR/GJ/VADODARA/VADODARA/Others/RAA00697/141117,NORTHWAY THE ADDRESS,Residential/Group Housing,Vadodara
PR/GJ/GANDHINAGAR/GANDHINAGAR/Others/CAA00698/141117,SHALIN GALLERIA,Commercial,Gandhinagar
PR/GJ/AHMEDABAD/AHMEDABAD CITY/AUDA/RAA00699/141117,PANCHSHIL VEER RESIDENCY,Residential/Group Housing,Ahmedabad
PR/GJ/AHMEDABAD/AHMEDABAD CITY/AUDA/MAA00700/141117,SANIDHYA ARCADE & BUNGLOWS,Mixed Development,Ahmedabad
PR/GJ/VADODARA/VADODARA/Others/RAA00701/141117,DARSHANAM 99,Residential/Group Housing,Vadodara
PR/GJ/AHMEDABAD/AHMEDABAD CITY/AUDA/MAA00702/141117,Kalpvruksh regency,Mixed Development,Ahmedabad
PR/GJ/VADODARA/VADODARA/Others/RAA00703/141117,Casa Lakeside Phase 1,Residential/Group Housing,Vadodara
PR/GJ/VADODARA/VADODARA/Others/RAA00704/141117,Casa Lakeside Phase 2,Residential/Group Housing,Vadodara
PR/GJ/AHMEDABAD/AHMEDABAD CITY/AUDA/RAA00705/141117,Bansari Apartment,Residential/Group Housing,Ahmedabad
PR/GJ/SURAT/SURAT CITY/SUDA/CAA00706/141117,Blu Eminence,Commercial,Surat
PR/GJ/SURAT/OLPAD/SUDA/MAA00707/151117,SHARANAM,Mixed Development,Surat
PR/GJ/AHMEDABAD/AHMEDABAD CITY/AUDA/CAA00708/151117,Times Square Arcade,Commercial,Ahmedabad
PR/GJ/SURAT/SURAT CITY/SUDA/CAA00709/151117,EDEN SQUARE,Commercial,Surat
PR/GJ/AHMEDABAD/AHMEDABAD CITY/AUDA/RAA00710/151117,VIIHAAN RESIDENCY,Residential/Group Housing,Ahmedabad
PR/GJ/GANDHINAGAR/KALOL/AUDA/MAA00711/151117,Navpad Green,Mixed Development,Gandhinagar
PR/GJ/AHMEDABAD/AHMEDABAD CITY/AUDA/RAA00712/151117,AVALON PARK - 2,Residential/Group Housing,Ahmedabad
PR/GJ/SURAT/KAMREJ/Others/PAA00713/151117,Shiv Bhakti Residency -B,Plotted Development,Surat
PR/GJ/SURAT/SURAT CITY/SUDA/CAA00714/151117,INFINITY TOWER,Commercial,Surat
PR/GJ/BHAVNAGAR/BHAVNAGAR/Others/RAA00715/151117,OLIVE,Residential/Group Housing,Bhavnagar
PR/GJ/AHMEDABAD/DASKROI/AUDA/MAA00716/151117,ROYAL LAKE VIEW ,Mixed Development,Ahmedabad
PR/GJ/AHMEDABAD/AHMEDABAD CITY/AUDA/CAA00717/151117,Adarsh Crystal Industrial Park,Commercial,Ahmedabad
PR/GJ/AHMEDABAD/AHMEDABAD CITY/AUDA/RAA00718/151117,Abhilasha Square,Residential/Group Housing,Ahmedabad
PR/GJ/AHMEDABAD/AHMEDABAD CITY/AUDA/RAA00719/151117,Saatatya,Residential/Group Housing,Ahmedabad
PR/GJ/AHMEDABAD/AHMEDABAD CITY/AUDA/MAA00720/151117,RAJVI STATUS,Mixed Development,Ahmedabad
PR/GJ/VADODARA/VADODARA/Others/MAA00721/151117,AGORA CITY CENTRE,Mixed Development,Vadodara
PR/GJ/AHMEDABAD/AHMEDABAD CITY/AUDA/MAA00722/151117,Sun Heights,Mixed Development,Ahmedabad
PR/GJ/AHMEDABAD/AHMEDABAD CITY/AUDA/RAA00723/151117,SKD'S SURYA KUTIR,Residential/Group Housing,Ahmedabad
PR/GJ/AHMEDABAD/AHMEDABAD CITY/AUDA/RAA00724/151117,Indraprasth Homes,Residential/Group Housing,Ahmedabad
PR/GJ/AHMEDABAD/AHMEDABAD CITY/AUDA/RAA00725/151117,Shivalik Paradise,Residential/Group Housing,Ahmedabad
PR/GJ/AHMEDABAD/AHMEDABAD CITY/AUDA/CAA00726/151117,STELLAR,Commercial,Ahmedabad
PR/GJ/AHMEDABAD/AHMEDABAD CITY/AUDA/RAA00727/151117,SAMPRATI ELEGANCE,Residential/Group Housing,Ahmedabad
PR/GJ/AHMEDABAD/AHMEDABAD CITY/AUDA/CAA00728/161117,SHILP EPITOME,Commercial,Ahmedabad
PR/GJ/AHMEDABAD/AHMEDABAD CITY/AUDA/RAA00729/161117,VAIBHAV PLATINA,Residential/Group Housing,Ahmedabad
PR/GJ/AHMEDABAD/AHMEDABAD CITY/AUDA/CAA00730/161117,Arvind Megaestate,Commercial,Ahmedabad
PR/GJ/GANDHINAGAR/GANDHINAGAR/Others/CAA00731/161117,SETU SQUARE,Commercial,Gandhinagar
PR/GJ/AHMEDABAD/AHMEDABAD CITY/AUDA/MAA00732/161117,SHOHAM SANIDHYA,Mixed Development,Ahmedabad
PR/GJ/AHMEDABAD/AHMEDABAD CITY/AUDA/MAA00733/161117,Swapnil Height and Arcade,Mixed Development,Ahmedabad
PR/GJ/AHMEDABAD/AHMEDABAD CITY/AUDA/CAA00734/161117,GLOBAL BUSINESS PARK,Commercial,Ahmedabad
PR/GJ/AHMEDABAD/AHMEDABAD CITY/AUDA/CAA00735/161117,SILVER RADIANCE,Commercial,Ahmedabad
PR/GJ/AHMEDABAD/AHMEDABAD CITY/AUDA/RAA00736/161117,Parimal Green,Residential/Group Housing,Ahmedabad
PR/GJ/AHMEDABAD/AHMEDABAD CITY/AUDA/CAA00737/161117,Solitaire Sky,Commercial,Ahmedabad
PR/GJ/SURAT/SURAT CITY/SUDA/RAA00738/161117,FOINAA,Residential/Group Housing,Surat
PR/GJ/AHMEDABAD/AHMEDABAD CITY/AUDA/MAA00739/171117,BINORI PRISTINE,Mixed Development,Ahmedabad
PR/GJ/AHMEDABAD/AHMEDABAD CITY/AUDA/MAA00740/171117,Bagh-e-Fatima Apartment,Mixed Development,Ahmedabad
PR/GJ/GANDHINAGAR/GANDHINAGAR/AUDA/MAA00741/171117,Mansarovar Residency,Mixed Development,Gandhinagar
PR/GJ/JAMNAGAR/JAMNAGAR/Others/RAA00742/171117,AARYA BHAGWATI,Residential/Group Housing,Jamnagar
PR/GJ/VALSAD/UMBERGAON/Others/MAA00743/171117,FORTUNE PLUS,Mixed Development,Valsad
PR/GJ/AHMEDABAD/AHMEDABAD CITY/AUDA/RAA00744/171117,SAHJANAND BAUG,Residential/Group Housing,Ahmedabad
PR/GJ/AHMEDABAD/AHMEDABAD CITY/AUDA/RAA00745/171117,DWARKESH RAW HOUSE DUPLEX,Residential/Group Housing,Ahmedabad
PR/GJ/AHMEDABAD/AHMEDABAD CITY/AUDA/RAA00746/171117,DHANANJAY ENCLAVE,Residential/Group Housing,Ahmedabad
PR/GJ/BHARUCH/BHARUCH/Others/CAA00747/171117,7X CORRIDOR,Commercial,Bharuch
PR/GJ/AHMEDABAD/AHMEDABAD CITY/AUDA/RAA00748/171117,Bileshwar Residency,Residential/Group Housing,Ahmedabad
PR/GJ/AHMEDABAD/AHMEDABAD CITY/AUDA/MAA00749/171117,Dhairya Paradise,Mixed Development,Ahmedabad
PR/GJ/AHMEDABAD/AHMEDABAD CITY/AUDA/MAA00750/171117,SATVA SHREEJI,Mixed Development,Ahmedabad
PR/GJ/AHMEDABAD/AHMEDABAD CITY/AUDA/MAA00751/171117,SHAYONA AAGMAN PHASE -  I BLOCK D TO O,Mixed Development,Ahmedabad
PR/GJ/AHMEDABAD/AHMEDABAD CITY/AUDA/MAA00752/171117,RAJVI RESIDENCY,Mixed Development,Ahmedabad
PR/GJ/AHMEDABAD/AHMEDABAD CITY/AUDA/CAA00753/171117,Shoolin Arcade,Commercial,Ahmedabad
PR/GJ/AHMEDABAD/AHMEDABAD CITY/AUDA/CAA00754/181117,Sankalp Centre,Commercial,Ahmedabad
PR/GJ/AHMEDABAD/DASKROI/AUDA/RAA00755/181117,Shubh Meritta,Residential/Group Housing,Ahmedabad
PR/GJ/AHMEDABAD/AHMEDABAD CITY/AUDA/RAA00756/181117,KALATIRTH TOWERS,Residential/Group Housing,Ahmedabad
PR/GJ/AHMEDABAD/AHMEDABAD CITY/AUDA/RAA00757/181117,Shree Sharanam,Residential/Group Housing,Ahmedabad
PR/GJ/AHMEDABAD/AHMEDABAD CITY/AUDA/MAA00758/181117,SANGANI UPVAN,Mixed Development,Ahmedabad
PR/GJ/AHMEDABAD/AHMEDABAD CITY/AUDA/RAA00759/181117,Elite smart Homes,Residential/Group Housing,Ahmedabad
PR/GJ/AHMEDABAD/DASKROI/AUDA/RAA00760/181117,DUTT RESIDENCY,Residential/Group Housing,Ahmedabad
PR/GJ/AHMEDABAD/AHMEDABAD CITY/AUDA/MAA00761/181117,Shrinand City 4,Mixed Development,Ahmedabad
PR/GJ/AHMEDABAD/AHMEDABAD CITY/AUDA/RAA00762/181117,Shyam Shree,Residential/Group Housing,Ahmedabad
PR/GJ/AHMEDABAD/AHMEDABAD CITY/AUDA/CAA00763/181117,Shalin Square,Commercial,Ahmedabad
PR/GJ/AHMEDABAD/AHMEDABAD CITY/AUDA/RAA00764/181117,SHIVAM RESIDENCY,Residential/Group Housing,Ahmedabad
PR/GJ/AHMEDABAD/AHMEDABAD CITY/AUDA/RAA00765/181117,VRUNDAVAN,Residential/Group Housing,Ahmedabad
PR/GJ/AHMEDABAD/AHMEDABAD CITY/AUDA/PAA00766/181117,The Park,Plotted Development,Ahmedabad
PR/GJ/AHMEDABAD/AHMEDABAD CITY/AUDA/RAA00767/201117,VERANTES 22,Residential/Group Housing,Ahmedabad
PR/GJ/AHMEDABAD/AHMEDABAD CITY/AUDA/RAA00768/201117,SHASHWAT,Residential/Group Housing,Ahmedabad
PR/GJ/VADODARA/VADODARA/Others/MAA00769/201117,SHREE BALAJI SKYRISE,Mixed Development,Vadodara
PR/GJ/AHMEDABAD/AHMEDABAD CITY/AUDA/MAA00770/201117,AADITYA HEIGHTS,Mixed Development,Ahmedabad
PR/GJ/AHMEDABAD/AHMEDABAD CITY/AUDA/MAA00771/201117,WESTERN HEIGHT,Mixed Development,Ahmedabad
PR/GJ/AHMEDABAD/AHMEDABAD CITY/AUDA/MAA00772/201117,Mahadev Heights,Mixed Development,Ahmedabad
PR/GJ/AHMEDABAD/AHMEDABAD CITY/AUDA/RAA00773/201117,SHREEDHAR NEST,Residential/Group Housing,Ahmedabad
PR/GJ/AHMEDABAD/AHMEDABAD CITY/AUDA/MAA00774/201117,SHREE SAKAT VALLEY,Mixed Development,Ahmedabad
PR/GJ/GANDHINAGAR/GANDHINAGAR/AUDA/CAA00775/201117,VEDANT AEON,Commercial,Gandhinagar
PR/GJ/AHMEDABAD/AHMEDABAD CITY/AUDA/RAA00776/201117,ROYAL VILLA,Residential/Group Housing,Ahmedabad
PR/GJ/AHMEDABAD/AHMEDABAD CITY/AUDA/CAA00777/201117,SANKALP INDUSTRIAL PARK,Commercial,Ahmedabad
PR/GJ/AHMEDABAD/AHMEDABAD CITY/AUDA/CAA00778/201117,KRISHNA ESTATE,Commercial,Ahmedabad
PR/GJ/AHMEDABAD/AHMEDABAD CITY/AUDA/CAA00779/201117,EMPIRE BUSINESS HUB,Commercial,Ahmedabad
PR/GJ/AHMEDABAD/AHMEDABAD CITY/AUDA/MAA00780/201117,SHIV UGATI CITY,Mixed Development,Ahmedabad
PR/GJ/GANDHINAGAR/GANDHINAGAR/AUDA/RAA00781/201117,SHREEJI VILLA,Residential/Group Housing,Gandhinagar
PR/GJ/AHMEDABAD/AHMEDABAD CITY/AUDA/CAA00782/211117,EMPIRE DOCTOR HUB,Commercial,Ahmedabad
PR/GJ/AHMEDABAD/DASKROI/AUDA/RAA00783/211117,ABHAY RATNA SHINE,Residential/Group Housing,Ahmedabad
PR/GJ/AHMEDABAD/DASKROI/AUDA/CAA00784/211117,AAROHI VERVE,Commercial,Ahmedabad
PR/GJ/AHMEDABAD/DASKROI/AUDA/MAA00785/211117,SHREENATH IND PARK,Mixed Development,Ahmedabad
PR/GJ/GANDHINAGAR/KALOL/AUDA/MAA00786/211117,AJAY AVENUE,Mixed Development,Gandhinagar
PR/GJ/GANDHINAGAR/GANDHINAGAR/Others/CAA00787/211117,WTC GIFT Tower C,Commercial,Gandhinagar
PR/GJ/GANDHINAGAR/GANDHINAGAR/Others/CAA00788/211117,"WTC GIFT  Tower A, B & D",Commercial,Gandhinagar
PR/GJ/AHMEDABAD/AHMEDABAD CITY/AUDA/RAA00789/211117,KALA KUNJ,Residential/Group Housing,Ahmedabad
PR/GJ/BHARUCH/BHARUCH/Others/MAA00790/211117,SLD ESSENZA,Mixed Development,Bharuch
PR/GJ/AHMEDABAD/AHMEDABAD CITY/AUDA/CAA00791/211117,SATVA ICON,Commercial,Ahmedabad
PR/GJ/AHMEDABAD/AHMEDABAD CITY/AUDA/CAA00792/211117,Scarlet Gateway,Commercial,Ahmedabad
PR/GJ/AHMEDABAD/AHMEDABAD CITY/AUDA/RAA00793/211117,SHYAM RESIDENCY,Residential/Group Housing,Ahmedabad
PR/GJ/BHARUCH/BHARUCH/Others/RAA00794/211117,NARAYAN ARENA,Residential/Group Housing,Bharuch
PR/GJ/AHMEDABAD/AHMEDABAD CITY/AUDA/RAA00795/211117,Arjun Sky Life,Residential/Group Housing,Ahmedabad
PR/GJ/AHMEDABAD/AHMEDABAD CITY/AUDA/CAA00796/221117,SWAMINARAYAN BUSINESS PARK,Commercial,Ahmedabad
PR/GJ/AHMEDABAD/DASKROI/AUDA/RAA00797/221117,Abhishek,Residential/Group Housing,Ahmedabad
PR/GJ/VALSAD/UMBERGAON/Others/MAA00798/221117,ROYAL LAKE CITY-B (G+10 Floors) & ROYAL LAKE CITY-A (G+1 Floors),Mixed Development,Valsad
PR/GJ/SURAT/CHORASI/SUDA/PAA00799/221117,GREEN FEB TEX HOUSE,Plotted Development,Surat
PR/GJ/AHMEDABAD/AHMEDABAD CITY/AUDA/RAA00800/221117,PARSHWA RESIDENCY,Residential/Group Housing,Ahmedabad
PR/GJ/AHMEDABAD/AHMEDABAD CITY/AUDA/CAA00801/221117,Alpha Business Park,Commercial,Ahmedabad
PR/GJ/AHMEDABAD/AHMEDABAD CITY/AUDA/MAA00802/221117,ROOP VATIKA,Mixed Development,Ahmedabad
PR/GJ/AHMEDABAD/AHMEDABAD CITY/AUDA/RAA00803/221117,Madhu govind heights,Residential/Group Housing,Ahmedabad
PR/GJ/AHMEDABAD/AHMEDABAD CITY/AUDA/RAA00804/221117,SIGNATURE SQUARE,Residential/Group Housing,Ahmedabad
PR/GJ/GANDHINAGAR/GANDHINAGAR/Others/MAA00805/221117,Satyamev Surya,Mixed Development,Gandhinagar
PR/GJ/AHMEDABAD/AHMEDABAD CITY/AUDA/CAA00806/221117,BVR-EK,Commercial,Ahmedabad
PR/GJ/SURAT/SURAT CITY/SUDA/CAA00807/221117,INFINITY BUSINESS HUB,Commercial,Surat
PR/GJ/SURAT/KAMREJ/SUDA/PAA00808/221117,MAHAVIR RESIDENCY,Plotted Development,Surat
PR/GJ/SURAT/SURAT CITY/SUDA/RAA00809/221117,Glorina Valley,Residential/Group Housing,Surat
PR/GJ/GANDHINAGAR/GANDHINAGAR/AUDA/CAA00810/241117,SHYAMVED INDUSTRIAL ESTATE (BLOCK-C),Commercial,Gandhinagar
PR/GJ/SURAT/CHORASI/SUDA/RAA00811/241117,SHANTA GODAVARI LUXURY VILLAS,Residential/Group Housing,Surat
PR/GJ/SURAT/SURAT CITY/SUDA/RAA00812/241117,THE ATMOSPHERE,Residential/Group Housing,Surat
PR/GJ/AHMEDABAD/AHMEDABAD CITY/AUDA/MAA00813/241117,SPARSH RESIDENCY,Mixed Development,Ahmedabad
PR/GJ/SURAT/SURAT CITY/SUDA/RAA00814/241117,blu sparsh,Residential/Group Housing,Surat
PR/GJ/SURAT/CHORASI/SUDA/RAA00815/241117,GREEN CITY GOLD,Residential/Group Housing,Surat
PR/GJ/AHMEDABAD/AHMEDABAD CITY/AUDA/MAA00816/241117,SERENE,Mixed Development,Ahmedabad
PR/GJ/SURAT/SURAT CITY/SUDA/RAA00817/241117,SKY WALK,Residential/Group Housing,Surat
PR/GJ/AHMEDABAD/AHMEDABAD CITY/AUDA/MAA00818/241117,SPECTRUM,Mixed Development,Ahmedabad
PR/GJ/GANDHINAGAR/GANDHINAGAR/Others/RAA00819/241117,SWARA HOMES,Residential/Group Housing,Gandhinagar
PR/GJ/SURAT/SURAT CITY/SUDA/CAA00820/241117,Anaya Business Center,Commercial,Surat
PR/GJ/SURAT/SURAT CITY/SUDA/CAA00821/241117,GLOBALE TEXTILE MARKET,Commercial,Surat
PR/GJ/AHMEDABAD/AHMEDABAD CITY/AUDA/RAA00822/241117,AKIRA 44,Residential/Group Housing,Ahmedabad
PR/GJ/RAJKOT/RAJKOT/Others/CAA00823/271117,TIME SQUARE,Commercial,Rajkot
PR/GJ/AHMEDABAD/AHMEDABAD CITY/AUDA/RAA00824/271117,"SUNFLOWER ENCLAVE BLOCK ""C""",Residential/Group Housing,Ahmedabad
PR/GJ/RAJKOT/RAJKOT/Others/RAA00825/271117,SOPAN HILL,Residential/Group Housing,Rajkot
PR/GJ/RAJKOT/RAJKOT/Others/RAA00826/271117,VASUPUJYA,Residential/Group Housing,Rajkot
PR/GJ/RAJKOT/RAJKOT/Others/RAA00827/271117,SOPAN HEIGHTS,Residential/Group Housing,Rajkot
PR/GJ/AHMEDABAD/AHMEDABAD CITY/AUDA/RAA00828/271117,RUSHABH ELEGANCE BLOCK B,Residential/Group Housing,Ahmedabad
PR/GJ/AHMEDABAD/AHMEDABAD CITY/AUDA/MAA00829/271117,Avaneesh Heights,Mixed Development,Ahmedabad
PR/GJ/VADODARA/VADODARA/Others/RAA00830/271117,VENUS PAHEL TOWER A1-11 (A Block),Residential/Group Housing,Vadodara
PR/GJ/SURAT/SURAT CITY/SUDA/MAA00831/271117,ICON HEIGHTS,Mixed Development,Surat
PR/GJ/SURAT/SURAT CITY/SUDA/MAA00832/271117,TULSI RESIDENCY,Mixed Development,Surat
PR/GJ/GANDHINAGAR/GANDHINAGAR/Others/RAA00833/271117,AFV Residency,Residential/Group Housing,Gandhinagar
PR/GJ/GANDHINAGAR/GANDHINAGAR/Others/CAA00834/271117,WHITE HOUSE,Commercial,Gandhinagar
PR/GJ/VADODARA/VADODARA/Others/RAA00835/271117,PETAL ASTER,Residential/Group Housing,Vadodara
PR/GJ/VADODARA/VADODARA/Others/CAA00836/271117,THE TRILLIUM,Commercial,Vadodara
PR/GJ/GANDHINAGAR/GANDHINAGAR/Others/RAA00837/281117,ADITYA 18,Residential/Group Housing,Gandhinagar
PR/GJ/AHMEDABAD/SANAND/AUDA/CAA00838/281117,PLATINUM ARCADE,Commercial,Ahmedabad
PR/GJ/SURAT/SURAT CITY/SUDA/CAA00839/281117,Aagam Square,Commercial,Surat
PR/GJ/AHMEDABAD/AHMEDABAD CITY/AUDA/RAA00840/281117,SONA PALACE RESIDENCY,Residential/Group Housing,Ahmedabad
PR/GJ/SURAT/SURAT CITY/SUDA/CAA00841/281117,THE GRAND PLAZA,Commercial,Surat
PR/GJ/GANDHINAGAR/GANDHINAGAR/AUDA/RAA00842/281117,AASTHA PRIME,Residential/Group Housing,Gandhinagar
PR/GJ/GANDHINAGAR/GANDHINAGAR/AUDA/RAA00843/281117,OLIVE RESIDENCY,Residential/Group Housing,Gandhinagar
PR/GJ/RAJKOT/RAJKOT/Others/RAA00844/281117,DECORA WEST HILL,Residential/Group Housing,Rajkot
PR/GJ/AHMEDABAD/AHMEDABAD CITY/AUDA/CAA00845/281117,Devarsh Sopan,Commercial,Ahmedabad
PR/GJ/VALSAD/PARDI/Others/MAA00846/281117,aastha avenue,Mixed Development,Valsad
PR/GJ/AHMEDABAD/AHMEDABAD CITY/AUDA/CAA00847/281117,Satya Two,Commercial,Ahmedabad
PR/GJ/AHMEDABAD/AHMEDABAD CITY/AUDA/CAA00848/281117,SIDDHIVINAYAK INDUSTRIAL ESTATE,Commercial,Ahmedabad
PR/GJ/AHMEDABAD/AHMEDABAD CITY/AUDA/CAA00849/281117,UNIZA,Commercial,Ahmedabad
PR/GJ/AHMEDABAD/AHMEDABAD CITY/AUDA/RAA00850/291117,"GAYATRI EXOTICA BLOCK E, F & G",Residential/Group Housing,Ahmedabad
PR/GJ/AHMEDABAD/AHMEDABAD CITY/AUDA/RAA00851/291117,kemps corner,Residential/Group Housing,Ahmedabad
PR/GJ/GANDHINAGAR/GANDHINAGAR/Others/CAA00852/291117,Buiness Park,Commercial,Gandhinagar
PR/GJ/SURAT/SURAT CITY/SUDA/RAA00853/291117,CASA RIVERA,Residential/Group Housing,Surat
PR/GJ/AHMEDABAD/AHMEDABAD CITY/AUDA/RAA00854/291117,SATVA HOMES - 1,Residential/Group Housing,Ahmedabad
PR/GJ/AHMEDABAD/AHMEDABAD CITY/AUDA/RAA00855/291117,shetrunjay hills,Residential/Group Housing,Ahmedabad
PR/GJ/AHMEDABAD/AHMEDABAD CITY/AUDA/MAA00856/291117,OM VILLA,Mixed Development,Ahmedabad
PR/GJ/AHMEDABAD/AHMEDABAD CITY/AUDA/CAA00857/291117,SILVER RADIANCE ONE,Commercial,Ahmedabad
PR/GJ/AHMEDABAD/AHMEDABAD CITY/AUDA/RAA00858/291117,Aditi Emperia,Residential/Group Housing,Ahmedabad
PR/GJ/VADODARA/VADODARA/Others/MAA00859/291117,PARAM ORBIT,Mixed Development,Vadodara
PR/GJ/AHMEDABAD/AHMEDABAD CITY/AUDA/RAA00860/291117,SHREY HOMES,Residential/Group Housing,Ahmedabad
PR/GJ/AHMEDABAD/DASKROI/AUDA/CAA00861/291117,SATYAM 64,Commercial,Ahmedabad
PR/GJ/VALSAD/PARDI/Others/PAA00862/291117,Vibrant business park,Plotted Development,Valsad
PR/GJ/AHMEDABAD/AHMEDABAD CITY/AUDA/CAA00863/291117,SPG EMPRESSA,Commercial,Ahmedabad
PR/GJ/AHMEDABAD/AHMEDABAD CITY/AUDA/MAA00864/301117,KARNAVATI NAGAR,Mixed Development,Ahmedabad
PR/GJ/AHMEDABAD/DASKROI/AUDA/MAA00865/301117,Avadh Elegance,Mixed Development,Ahmedabad
PR/GJ/VADODARA/VADODARA/Others/RAA00866/301117,ROSEDALE COUNTY - 1,Residential/Group Housing,Vadodara
PR/GJ/AHMEDABAD/AHMEDABAD CITY/AUDA/RAA00867/301117,Sukruti Santakaram,Residential/Group Housing,Ahmedabad
PR/GJ/AHMEDABAD/SANAND/AUDA/RAA00868/301117,PARSHWA HOMES,Residential/Group Housing,Ahmedabad
PR/GJ/GANDHINAGAR/GANDHINAGAR/Others/RAA00869/301117,Siddhraj Z+,Residential/Group Housing,Gandhinagar
PR/GJ/VADODARA/VAGHODIA/Others/RAA00870/301117,PRIME PLAZA,Residential/Group Housing,Vadodara
PR/GJ/RAJKOT/RAJKOT/Others/RAA00871/301117,MERRYGOLD HEIGHTS,Residential/Group Housing,Rajkot
PR/GJ/GANDHINAGAR/GANDHINAGAR/AUDA/MAA00872/301117,ADITYA ELITE,Mixed Development,Gandhinagar
PR/GJ/AHMEDABAD/AHMEDABAD CITY/AUDA/RAA00873/301117,Sitaram City,Residential/Group Housing,Ahmedabad
PR/GJ/AHMEDABAD/AHMEDABAD CITY/AUDA/RAA00874/301117,Cloud 9,Residential/Group Housing,Ahmedabad
PR/GJ/AHMEDABAD/AHMEDABAD CITY/AUDA/RAA00875/301117,SHETH SERENITA,Residential/Group Housing,Ahmedabad
PR/GJ/AHMEDABAD/AHMEDABAD CITY/AUDA/MAA00876/301117,Pushkar Hill,Mixed Development,Ahmedabad
PR/GJ/AHMEDABAD/AHMEDABAD CITY/AUDA/RAA00877/301117,Murlidhar Avenue,Residential/Group Housing,Ahmedabad
